MEET,    NAME,                     TEAM,  FX_D, FX,     PH_D, PH,     SR_D, SR,     VT1_D, VT1,    VT2_D, VT2,    VT,     PB_D, PB,     HB_D, HB
"eur_Q", "Artem Dolgopyat",        "ISR", 6.4,  15.200, NA,   NA,     NA,   NA,     NA,    NA,     NA,    NA,     NA,     NA,   NA,     NA,   NA
"eur_Q", "Luke Whitehouse",        "GBR", 6.5,  14.766, NA,   NA,     NA,   NA,     NA,    NA,     NA,    NA,     NA,     NA,   NA,     NA,   NA
"eur_Q", "Jake Jarman",            "GBR", 6.3,  14.533, NA,   NA,     NA,   NA,     NA,    NA,     NA,    NA,     NA,     NA,   NA,     NA,   NA
"eur_Q", "Krisztofer Meszaros",    "HUN", 6.3,  14.333, NA,   NA,     NA,   NA,     NA,    NA,     NA,    NA,     NA,     NA,   NA,     NA,   NA
"eur_Q", "Nicolau Mir",            "ESP", 5.5,  14.233, NA,   NA,     NA,   NA,     NA,    NA,     NA,    NA,     NA,     NA,   NA,     NA,   NA
"eur_Q", "Unai Baigorri",          "ESP", 5.8,  14.166, NA,   NA,     NA,   NA,     NA,    NA,     NA,    NA,     NA,     NA,   NA,     NA,   NA
"eur_Q", "Joel Plata",             "ESP", 5.7,  14.100, NA,   NA,     NA,   NA,     NA,    NA,     NA,    NA,     NA,     NA,   NA,     NA,   NA
"eur_Q", "Léo Saladino",           "FRA", 5.9,  14.100, NA,   NA,     NA,   NA,     NA,    NA,     NA,    NA,     NA,     NA,   NA,     NA,   NA
"eur_Q", "Jim Zona",               "FRA", 5.3,  14.066, NA,   NA,     NA,   NA,     NA,    NA,     NA,    NA,     NA,     NA,   NA,     NA,   NA
"eur_Q", "Yumin Abbadini",         "ITA", 5.5,  14.066, NA,   NA,     NA,   NA,     NA,    NA,     NA,    NA,     NA,     NA,   NA,     NA,   NA
"eur_Q", "Adem Asil",              "TUR", 5.5,  14.066, NA,   NA,     NA,   NA,     NA,    NA,     NA,    NA,     NA,     NA,   NA,     NA,   NA
"eur_Q", "Sebastian Gawronski",    "POL", 5.7,  14.033, NA,   NA,     NA,   NA,     NA,    NA,     NA,    NA,     NA,     NA,   NA,     NA,   NA
"eur_Q", "Eamon Montgomery",       "IRE", 5.9,  14.000, NA,   NA,     NA,   NA,     NA,    NA,     NA,    NA,     NA,     NA,   NA,     NA,   NA
"eur_Q", "Anze Hribar",            "SLO", 5.7,  13.933, NA,   NA,     NA,   NA,     NA,    NA,     NA,    NA,     NA,     NA,   NA,     NA,   NA
"eur_Q", "Michalis Chari",         "CYP", 5.7,  13.900, NA,   NA,     NA,   NA,     NA,    NA,     NA,    NA,     NA,     NA,   NA,     NA,   NA
"eur_Q", "Milan Hosseini",         "GER", 5.7,  13.900, NA,   NA,     NA,   NA,     NA,    NA,     NA,    NA,     NA,     NA,   NA,     NA,   NA
"eur_Q", "Gytis Chasazyrovas",     "LIT", 5.9,  13.900, NA,   NA,     NA,   NA,     NA,    NA,     NA,    NA,     NA,     NA,   NA,     NA,   NA
"eur_Q", "Kevin Penev",            "BUL", 6.1,  13.900, NA,   NA,     NA,   NA,     NA,    NA,     NA,    NA,     NA,     NA,   NA,     NA,   NA
"eur_Q", "Dominick Cunningham",    "IRE", 5.7,  13.866, NA,   NA,     NA,   NA,     NA,    NA,     NA,    NA,     NA,     NA,   NA,     NA,   NA
"eur_Q", "Courtney Tulloch",       "GBR", 5.6,  13.800, NA,   NA,     NA,   NA,     NA,    NA,     NA,    NA,     NA,     NA,   NA,     NA,   NA
"eur_Q", "James Hall",             "GBR", 5.8,  13.800, NA,   NA,     NA,   NA,     NA,    NA,     NA,    NA,     NA,     NA,   NA,     NA,   NA
"eur_Q", "Pascal Brendel",         "GER", 5.9,  13.800, NA,   NA,     NA,   NA,     NA,    NA,     NA,    NA,     NA,     NA,   NA,     NA,   NA
"eur_Q", "Aurel Benovic",          "CRO", 6.3,  13.800, NA,   NA,     NA,   NA,     NA,    NA,     NA,    NA,     NA,     NA,   NA,     NA,   NA
"eur_Q", "Robert Kirmes",          "FIN", 5.4,  13.766, NA,   NA,     NA,   NA,     NA,    NA,     NA,    NA,     NA,     NA,   NA,     NA,   NA
"eur_Q", "Oskar Kirmes",           "FIN", 5.4,  13.766, NA,   NA,     NA,   NA,     NA,    NA,     NA,    NA,     NA,     NA,   NA,     NA,   NA
"eur_Q", "Guilherme Campos",       "POR", 5.5,  13.766, NA,   NA,     NA,   NA,     NA,    NA,     NA,    NA,     NA,     NA,   NA,     NA,   NA
"eur_Q", "Matteo Giubellini",      "SWI", 5.5,  13.766, NA,   NA,     NA,   NA,     NA,    NA,     NA,    NA,     NA,     NA,   NA,     NA,   NA
"eur_Q", "Niklas Syverhuset",      "NOR", 5.6,  13.766, NA,   NA,     NA,   NA,     NA,    NA,     NA,    NA,     NA,     NA,   NA,     NA,   NA
"eur_Q", "Oleg Verniaiev",         "UKR", 5.6,  13.733, NA,   NA,     NA,   NA,     NA,    NA,     NA,    NA,     NA,     NA,   NA,     NA,   NA
"eur_Q", "Elias Koski",            "FIN", 5.4,  13.733, NA,   NA,     NA,   NA,     NA,    NA,     NA,    NA,     NA,     NA,   NA,     NA,   NA
"eur_Q", "Nestor Abad",            "ESP", 5.8,  13.733, NA,   NA,     NA,   NA,     NA,    NA,     NA,    NA,     NA,     NA,   NA,     NA,   NA
"eur_Q", "Emre Dodanli",           "TUR", 5.9,  13.733, NA,   NA,     NA,   NA,     NA,    NA,     NA,    NA,     NA,     NA,   NA,     NA,   NA
"eur_Q", "Askhab Matiev",          "OST", 5.4,  13.700, NA,   NA,     NA,   NA,     NA,    NA,     NA,    NA,     NA,     NA,   NA,     NA,   NA
"eur_Q", "Adam Steele",            "IRE", 5.4,  13.700, NA,   NA,     NA,   NA,     NA,    NA,     NA,    NA,     NA,     NA,   NA,     NA,   NA
"eur_Q", "Noah Kuavita",           "BEL", 5.5,  13.666, NA,   NA,     NA,   NA,     NA,    NA,     NA,    NA,     NA,     NA,   NA,     NA,   NA
"eur_Q", "Botond Molnar",          "HUN", 5.8,  13.633, NA,   NA,     NA,   NA,     NA,    NA,     NA,    NA,     NA,     NA,   NA,     NA,   NA
"eur_Q", "Ilias Georgiou",         "CYP", 5.1,  13.600, NA,   NA,     NA,   NA,     NA,    NA,     NA,    NA,     NA,     NA,   NA,     NA,   NA
"eur_Q", "Nicholas Tarca",         "ROM", 5.4,  13.600, NA,   NA,     NA,   NA,     NA,    NA,     NA,    NA,     NA,     NA,   NA,     NA,   NA
"eur_Q", "Luka van den Keybus",    "BEL", 5.5,  13.600, NA,   NA,     NA,   NA,     NA,    NA,     NA,    NA,     NA,     NA,   NA,     NA,   NA
"eur_Q", "Neofytos Kyriakou",      "CYP", 5.2,  13.566, NA,   NA,     NA,   NA,     NA,    NA,     NA,    NA,     NA,     NA,   NA,     NA,   NA
"eur_Q", "Agust Davidsson",        "ICE", 5.3,  13.566, NA,   NA,     NA,   NA,     NA,    NA,     NA,    NA,     NA,     NA,   NA,     NA,   NA
"eur_Q", "Nazar Chepurnyi",        "UKR", 5.3,  13.566, NA,   NA,     NA,   NA,     NA,    NA,     NA,    NA,     NA,     NA,   NA,     NA,   NA
"eur_Q", "David Rumbutis",         "SWE", 4.8,  13.533, NA,   NA,     NA,   NA,     NA,    NA,     NA,    NA,     NA,     NA,   NA,     NA,   NA
"eur_Q", "Marios Georgiou",        "CYP", 5.4,  13.533, NA,   NA,     NA,   NA,     NA,    NA,     NA,    NA,     NA,     NA,   NA,     NA,   NA
"eur_Q", "Akseli Karsikas",        "FIN", 5.2,  13.533, NA,   NA,     NA,   NA,     NA,    NA,     NA,    NA,     NA,     NA,   NA,     NA,   NA
"eur_Q", "Luca Murabito",          "SWI", 6.0,  13.500, NA,   NA,     NA,   NA,     NA,    NA,     NA,    NA,     NA,     NA,   NA,     NA,   NA
"eur_Q", "Valgard Reinhardsson",   "ICE", 5.3,  13.466, NA,   NA,     NA,   NA,     NA,    NA,     NA,    NA,     NA,     NA,   NA,     NA,   NA
"eur_Q", "Filip Lidbeck",          "SWE", 5.7,  13.466, NA,   NA,     NA,   NA,     NA,    NA,     NA,    NA,     NA,     NA,   NA,     NA,   NA
"eur_Q", "Mehmet Ayberk Kosak",    "TUR", 5.5,  13.433, NA,   NA,     NA,   NA,     NA,    NA,     NA,    NA,     NA,     NA,   NA,     NA,   NA
"eur_Q", "Benedek Tomcsanyi",      "HUN", 5.4,  13.433, NA,   NA,     NA,   NA,     NA,    NA,     NA,    NA,     NA,     NA,   NA,     NA,   NA
"eur_Q", "Ivan Tikhonov",          "AZE", 5.4,  13.433, NA,   NA,     NA,   NA,     NA,    NA,     NA,    NA,     NA,     NA,   NA,     NA,   NA
"eur_Q", "Victor Martinez",        "BEL", 5.7,  13.433, NA,   NA,     NA,   NA,     NA,    NA,     NA,    NA,     NA,     NA,   NA,     NA,   NA
"eur_Q", "Ricardo Rudy",           "OST", 5.0,  13.400, NA,   NA,     NA,   NA,     NA,    NA,     NA,    NA,     NA,     NA,   NA,     NA,   NA
"eur_Q", "Gagik Khachikyan",       "ARM", 5.1,  13.366, NA,   NA,     NA,   NA,     NA,    NA,     NA,    NA,     NA,     NA,   NA,     NA,   NA
"eur_Q", "Gabriel Eichhorn",       "GER", 5.3,  13.366, NA,   NA,     NA,   NA,     NA,    NA,     NA,    NA,     NA,     NA,   NA,     NA,   NA
"eur_Q", "Uri Zeidel",             "ISR", 5.4,  13.366, NA,   NA,     NA,   NA,     NA,    NA,     NA,    NA,     NA,     NA,   NA,     NA,   NA
"eur_Q", "Sofus Heggemsnes",       "NOR", 5.1,  13.333, NA,   NA,     NA,   NA,     NA,    NA,     NA,    NA,     NA,     NA,   NA,     NA,   NA
"eur_Q", "Martijn de Veer",        "NDL", 5.5,  13.333, NA,   NA,     NA,   NA,     NA,    NA,     NA,    NA,     NA,     NA,   NA,     NA,   NA
"eur_Q", "Daniel Fox",             "IRE", 4.8,  13.300, NA,   NA,     NA,   NA,     NA,    NA,     NA,    NA,     NA,     NA,   NA,     NA,   NA
"eur_Q", "Kacper Garnczarek",      "POL", 5.3,  13.300, NA,   NA,     NA,   NA,     NA,    NA,     NA,    NA,     NA,     NA,   NA,     NA,   NA
"eur_Q", "Petar Vefic",            "SRB", 5.6,  13.300, NA,   NA,     NA,   NA,     NA,    NA,     NA,    NA,     NA,     NA,   NA,     NA,   NA
"eur_Q", "Daniel Bago",            "CZE", 4.9,  13.266, NA,   NA,     NA,   NA,     NA,    NA,     NA,    NA,     NA,     NA,   NA,     NA,   NA
"eur_Q", "Daniel Trifonov",        "BUL", 5.1,  13.266, NA,   NA,     NA,   NA,     NA,    NA,     NA,    NA,     NA,     NA,   NA,     NA,   NA
"eur_Q", "Taha Serhani",           "SWI", 5.5,  13.266, NA,   NA,     NA,   NA,     NA,    NA,     NA,    NA,     NA,     NA,   NA,     NA,   NA
"eur_Q", "Antonios Tantalidis",    "GRE", 5.5,  13.266, NA,   NA,     NA,   NA,     NA,    NA,     NA,    NA,     NA,     NA,   NA,     NA,   NA
"eur_Q", "Ilia Liubimov",          "ISR", 5.0,  13.233, NA,   NA,     NA,   NA,     NA,    NA,     NA,    NA,     NA,     NA,   NA,     NA,   NA
"eur_Q", "Nils Dunkel",            "GER", 5.1,  13.233, NA,   NA,     NA,   NA,     NA,    NA,     NA,    NA,     NA,     NA,   NA,     NA,   NA
"eur_Q", "Luca Giubellini",        "SWI", 5.3,  13.166, NA,   NA,     NA,   NA,     NA,    NA,     NA,    NA,     NA,     NA,   NA,     NA,   NA
"eur_Q", "Carlo Hörr",             "GER", 5.2,  13.133, NA,   NA,     NA,   NA,     NA,    NA,     NA,    NA,     NA,     NA,   NA,     NA,   NA
"eur_Q", "Radomyr Stelmakh",       "UKR", 5.7,  13.100, NA,   NA,     NA,   NA,     NA,    NA,     NA,    NA,     NA,     NA,   NA,     NA,   NA
"eur_Q", "Ricards Plate",          "LAT", 5.2,  13.066, NA,   NA,     NA,   NA,     NA,    NA,     NA,    NA,     NA,     NA,   NA,     NA,   NA
"eur_Q", "Peder Skogvang",         "NOR", 5.9,  13.033, NA,   NA,     NA,   NA,     NA,    NA,     NA,    NA,     NA,     NA,   NA,     NA,   NA
"eur_Q", "Bozhidar Zlatanov",      "BUL", 4.8,  13.000, NA,   NA,     NA,   NA,     NA,    NA,     NA,    NA,     NA,     NA,   NA,     NA,   NA
"eur_Q", "Pavel Gulidov",          "ISR", 5.2,  13.000, NA,   NA,     NA,   NA,     NA,    NA,     NA,    NA,     NA,     NA,   NA,     NA,   NA
"eur_Q", "Krisztian Balazs",       "HUN", 5.0,  12.966, NA,   NA,     NA,   NA,     NA,    NA,     NA,    NA,     NA,     NA,   NA,     NA,   NA
"eur_Q", "Emilian Neagu",          "ROM", 5.0,  12.933, NA,   NA,     NA,   NA,     NA,    NA,     NA,    NA,     NA,     NA,   NA,     NA,   NA
"eur_Q", "Mansum Safarov",         "AZE", 5.3,  12.933, NA,   NA,     NA,   NA,     NA,    NA,     NA,    NA,     NA,     NA,   NA,     NA,   NA
"eur_Q", "Christian Baumann",      "SWI", 5.3,  12.900, NA,   NA,     NA,   NA,     NA,    NA,     NA,    NA,     NA,     NA,   NA,     NA,   NA
"eur_Q", "Casimir Schmidt",        "NDL", 5.5,  12.900, NA,   NA,     NA,   NA,     NA,    NA,     NA,    NA,     NA,     NA,   NA,     NA,   NA
"eur_Q", "Lorenzo Casali",         "ITA", 5.8,  12.900, NA,   NA,     NA,   NA,     NA,    NA,     NA,    NA,     NA,     NA,   NA,     NA,   NA
"eur_Q", "Daniel Radovesnicky",    "CZE", 4.4,  12.866, NA,   NA,     NA,   NA,     NA,    NA,     NA,    NA,     NA,     NA,   NA,     NA,   NA
"eur_Q", "Nicolas Ivkic",          "OST", 5.1,  12.833, NA,   NA,     NA,   NA,     NA,    NA,     NA,    NA,     NA,     NA,   NA,     NA,   NA
"eur_Q", "Oliver Kasala",          "SVK", 4.8,  12.766, NA,   NA,     NA,   NA,     NA,    NA,     NA,    NA,     NA,     NA,   NA,     NA,   NA
"eur_Q", "Murad Agharzayev",       "AZE", 5.3,  12.766, NA,   NA,     NA,   NA,     NA,    NA,     NA,    NA,     NA,     NA,   NA,     NA,   NA
"eur_Q", "Dimitar Dimitrov",       "BUL", 5.7,  12.700, NA,   NA,     NA,   NA,     NA,    NA,     NA,    NA,     NA,     NA,   NA,     NA,   NA
"eur_Q", "Georgios Angonas",       "CYP", 4.2,  12.666, NA,   NA,     NA,   NA,     NA,    NA,     NA,    NA,     NA,     NA,   NA,     NA,   NA
"eur_Q", "Marco Lodadio",          "ITA", 4.9,  12.666, NA,   NA,     NA,   NA,     NA,    NA,     NA,    NA,     NA,     NA,   NA,     NA,   NA
"eur_Q", "Axel Breche",            "FRA", 5.0,  12.666, NA,   NA,     NA,   NA,     NA,    NA,     NA,    NA,     NA,     NA,   NA,     NA,   NA
"eur_Q", "Marcus Stenberg",        "SWE", 5.0,  12.633, NA,   NA,     NA,   NA,     NA,    NA,     NA,    NA,     NA,     NA,   NA,     NA,   NA
"eur_Q", "Levan Skhiladze",        "GEO", 4.4,  12.600, NA,   NA,     NA,   NA,     NA,    NA,     NA,    NA,     NA,     NA,   NA,     NA,   NA
"eur_Q", "Harald Wibye",           "NOR", 5.0,  12.600, NA,   NA,     NA,   NA,     NA,    NA,     NA,    NA,     NA,     NA,   NA,     NA,   NA
"eur_Q", "Erik Baghdasaryan",      "ARM", 3.7,  12.533, NA,   NA,     NA,   NA,     NA,    NA,     NA,    NA,     NA,     NA,   NA,     NA,   NA
"eur_Q", "Rick Jacobs",            "NDL", 5.1,  12.533, NA,   NA,     NA,   NA,     NA,    NA,     NA,    NA,     NA,     NA,   NA,     NA,   NA
"eur_Q", "Dagur Olafsson",         "ICE", 4.4,  12.500, NA,   NA,     NA,   NA,     NA,    NA,     NA,    NA,     NA,     NA,   NA,     NA,   NA
"eur_Q", "Mert Efe Kilicer",       "TUR", 4.8,  12.500, NA,   NA,     NA,   NA,     NA,    NA,     NA,    NA,     NA,     NA,   NA,     NA,   NA
"eur_Q", "Joe Fraser",             "GBR", 6.0,  12.500, NA,   NA,     NA,   NA,     NA,    NA,     NA,    NA,     NA,     NA,   NA,     NA,   NA
"eur_Q", "Martin Pospisil",        "CZE", 4.4,  12.466, NA,   NA,     NA,   NA,     NA,    NA,     NA,    NA,     NA,     NA,   NA,     NA,   NA
"eur_Q", "Amine Abaidi",           "NDL", 5.8,  12.433, NA,   NA,     NA,   NA,     NA,    NA,     NA,    NA,     NA,     NA,   NA,     NA,   NA
"eur_Q", "Marcelo Marques",        "POR", 5.4,  12.400, NA,   NA,     NA,   NA,     NA,    NA,     NA,    NA,     NA,     NA,   NA,     NA,   NA
"eur_Q", "Ioane Jimsheleishvili",  "GEO", 5.4,  12.400, NA,   NA,     NA,   NA,     NA,    NA,     NA,    NA,     NA,     NA,   NA,     NA,   NA
"eur_Q", "Rasul Ahmadzada",        "AZE", 5.5,  12.333, NA,   NA,     NA,   NA,     NA,    NA,     NA,    NA,     NA,     NA,   NA,     NA,   NA
"eur_Q", "Apostolos Kanellos",     "GRE", 4.3,  12.266, NA,   NA,     NA,   NA,     NA,    NA,     NA,    NA,     NA,     NA,   NA,     NA,   NA
"eur_Q", "Alexis Blin",            "FRA", 5.3,  12.266, NA,   NA,     NA,   NA,     NA,    NA,     NA,    NA,     NA,     NA,   NA,     NA,   NA
"eur_Q", "Bernardo Almeida",       "POR", 4.8,  12.166, NA,   NA,     NA,   NA,     NA,    NA,     NA,    NA,     NA,     NA,   NA,     NA,   NA
"eur_Q", "Volodymyr Otreshko",     "SVK", 4.6,  12.100, NA,   NA,     NA,   NA,     NA,    NA,     NA,    NA,     NA,     NA,   NA,     NA,   NA
"eur_Q", "Matteo Levantesi",       "ITA", 5.2,  12.100, NA,   NA,     NA,   NA,     NA,    NA,     NA,    NA,     NA,     NA,   NA,     NA,   NA
"eur_Q", "Martin Gudmundsson",     "ICE", 4.8,  12.000, NA,   NA,     NA,   NA,     NA,    NA,     NA,    NA,     NA,     NA,   NA,     NA,   NA
"eur_Q", "Jermain Grünberg",       "NDL", 5.4,  11.966, NA,   NA,     NA,   NA,     NA,    NA,     NA,    NA,     NA,     NA,   NA,     NA,   NA
"eur_Q", "Illia Kovtun",           "UKR", 5.9,  11.966, NA,   NA,     NA,   NA,     NA,    NA,     NA,    NA,     NA,     NA,   NA,     NA,   NA
"eur_Q", "Razvan-Denis Marc",      "ROM", 5.3,  11.900, NA,   NA,     NA,   NA,     NA,    NA,     NA,    NA,     NA,     NA,   NA,     NA,   NA
"eur_Q", "Alkinoos Graikos",       "GRE", 5.5,  11.900, NA,   NA,     NA,   NA,     NA,    NA,     NA,    NA,     NA,     NA,   NA,     NA,   NA
"eur_Q", "Thierno Diallo",         "ESP", 5.7,  11.766, NA,   NA,     NA,   NA,     NA,    NA,     NA,    NA,     NA,     NA,   NA,     NA,   NA
"eur_Q", "Joakim Lenberg",         "SWE", 4.7,  11.700, NA,   NA,     NA,   NA,     NA,    NA,     NA,    NA,     NA,     NA,   NA,     NA,   NA
"eur_Q", "Miroslav Durak",         "CZE", 4.2,  11.666, NA,   NA,     NA,   NA,     NA,    NA,     NA,    NA,     NA,     NA,   NA,     NA,   NA
"eur_Q", "David Bickel",           "OST", 5.3,  11.600, NA,   NA,     NA,   NA,     NA,    NA,     NA,    NA,     NA,     NA,   NA,     NA,   NA
"eur_Q", "Tomas Kuzmickas",        "LIT", 4.6,  11.400, NA,   NA,     NA,   NA,     NA,    NA,     NA,    NA,     NA,     NA,   NA,     NA,   NA
"eur_Q", "Kevin Buckley",          "SLO", 4.7,  11.300, NA,   NA,     NA,   NA,     NA,    NA,     NA,    NA,     NA,     NA,   NA,     NA,   NA
"eur_Q", "Jose Nogueira",          "POR", 5.3,  11.000, NA,   NA,     NA,   NA,     NA,    NA,     NA,    NA,     NA,     NA,   NA,     NA,   NA
"eur_Q", "Nicolae Bera",           "ROM", 4.6,  10.600, NA,   NA,     NA,   NA,     NA,    NA,     NA,    NA,     NA,     NA,   NA,     NA,   NA
"eur_Q", "Glen Cuyle",             "BEL", 1.9,  3.333,  NA,   NA,     NA,   NA,     NA,    NA,     NA,    NA,     NA,     NA,   NA,     NA,   NA
"eur_Q", "Oleg Verniaiev",         "UKR", NA,   NA,     6.6,  15.166, NA,   NA,     NA,    NA,     NA,    NA,     NA,     NA,   NA,     NA,   NA
"eur_Q", "Rhys McClenaghan",       "IRE", NA,   NA,     6.4,  15.133, NA,   NA,     NA,    NA,     NA,    NA,     NA,     NA,   NA,     NA,   NA
"eur_Q", "Loran de Munck",         "NDL", NA,   NA,     6.5,  15.000, NA,   NA,     NA,    NA,     NA,    NA,     NA,     NA,   NA,     NA,   NA
"eur_Q", "Filip Ude",              "CRO", NA,   NA,     5.8,  14.766, NA,   NA,     NA,    NA,     NA,    NA,     NA,     NA,   NA,     NA,   NA
"eur_Q", "Matteo Giubellini",      "SWI", NA,   NA,     6.1,  14.600, NA,   NA,     NA,    NA,     NA,    NA,     NA,     NA,   NA,     NA,   NA
"eur_Q", "Gagik Khachikyan",       "ARM", NA,   NA,     6.2,  14.600, NA,   NA,     NA,    NA,     NA,    NA,     NA,     NA,   NA,     NA,   NA
"eur_Q", "Marios Georgiou",        "CYP", NA,   NA,     5.7,  14.266, NA,   NA,     NA,    NA,     NA,    NA,     NA,     NA,   NA,     NA,   NA
"eur_Q", "Levan Skhiladze",        "GEO", NA,   NA,     5.8,  14.266, NA,   NA,     NA,    NA,     NA,    NA,     NA,     NA,   NA,     NA,   NA
"eur_Q", "Ilia Liubimov",          "ISR", NA,   NA,     5.8,  14.266, NA,   NA,     NA,    NA,     NA,    NA,     NA,     NA,   NA,     NA,   NA
"eur_Q", "Yumin Abbadini",         "ITA", NA,   NA,     5.8,  14.233, NA,   NA,     NA,    NA,     NA,    NA,     NA,     NA,   NA,     NA,   NA
"eur_Q", "Noe Seifert",            "SWI", NA,   NA,     5.7,  14.166, NA,   NA,     NA,    NA,     NA,    NA,     NA,     NA,   NA,     NA,   NA
"eur_Q", "Radomyr Stelmakh",       "UKR", NA,   NA,     6.0,  14.166, NA,   NA,     NA,    NA,     NA,    NA,     NA,     NA,   NA,     NA,   NA
"eur_Q", "Liam Rabic",             "CRO", NA,   NA,     5.6,  14.100, NA,   NA,     NA,    NA,     NA,    NA,     NA,     NA,   NA,     NA,   NA
"eur_Q", "Dagur Olafsson",         "ICE", NA,   NA,     5.8,  13.966, NA,   NA,     NA,    NA,     NA,    NA,     NA,     NA,   NA,     NA,   NA
"eur_Q", "Gregor Rakovic",         "SLO", NA,   NA,     5.3,  13.933, NA,   NA,     NA,    NA,     NA,    NA,     NA,     NA,   NA,     NA,   NA
"eur_Q", "Mario Macchiati",        "ITA", NA,   NA,     5.7,  13.933, NA,   NA,     NA,    NA,     NA,    NA,     NA,     NA,   NA,     NA,   NA
"eur_Q", "Harutyun Merdinyan",     "ARM", NA,   NA,     5.7,  13.900, NA,   NA,     NA,    NA,     NA,    NA,     NA,     NA,   NA,     NA,   NA
"eur_Q", "Luca Giubellini",        "SWI", NA,   NA,     5.9,  13.900, NA,   NA,     NA,    NA,     NA,    NA,     NA,     NA,   NA,     NA,   NA
"eur_Q", "James Hall",             "GBR", NA,   NA,     6.1,  13.900, NA,   NA,     NA,    NA,     NA,    NA,     NA,     NA,   NA,     NA,   NA
"eur_Q", "Jake Jarman",            "GBR", NA,   NA,     5.6,  13.866, NA,   NA,     NA,    NA,     NA,    NA,     NA,     NA,   NA,     NA,   NA
"eur_Q", "Ivan Tikhonov",          "AZE", NA,   NA,     5.8,  13.866, NA,   NA,     NA,    NA,     NA,    NA,     NA,     NA,   NA,     NA,   NA
"eur_Q", "Matvei Petrov",          "ALB", NA,   NA,     6.1,  13.833, NA,   NA,     NA,    NA,     NA,    NA,     NA,     NA,   NA,     NA,   NA
"eur_Q", "Elias Koski",            "FIN", NA,   NA,     5.0,  13.800, NA,   NA,     NA,    NA,     NA,    NA,     NA,     NA,   NA,     NA,   NA
"eur_Q", "Thierno Diallo",         "ESP", NA,   NA,     5.9,  13.800, NA,   NA,     NA,    NA,     NA,    NA,     NA,     NA,   NA,     NA,   NA
"eur_Q", "Oskar Kirmes",           "FIN", NA,   NA,     5.3,  13.766, NA,   NA,     NA,    NA,     NA,    NA,     NA,     NA,   NA,     NA,   NA
"eur_Q", "Marko Sambolec",         "CRO", NA,   NA,     5.7,  13.766, NA,   NA,     NA,    NA,     NA,    NA,     NA,     NA,   NA,     NA,   NA
"eur_Q", "Unai Baigorri",          "ESP", NA,   NA,     5.1,  13.733, NA,   NA,     NA,    NA,     NA,    NA,     NA,     NA,   NA,     NA,   NA
"eur_Q", "Axel Breche",            "FRA", NA,   NA,     5.7,  13.733, NA,   NA,     NA,    NA,     NA,    NA,     NA,     NA,   NA,     NA,   NA
"eur_Q", "Gytis Chasazyrovas",     "LIT", NA,   NA,     6.1,  13.733, NA,   NA,     NA,    NA,     NA,    NA,     NA,     NA,   NA,     NA,   NA
"eur_Q", "Illia Kovtun",           "UKR", NA,   NA,     5.5,  13.700, NA,   NA,     NA,    NA,     NA,    NA,     NA,     NA,   NA,     NA,   NA
"eur_Q", "Casimir Schmidt",        "NDL", NA,   NA,     6.0,  13.700, NA,   NA,     NA,    NA,     NA,    NA,     NA,     NA,   NA,     NA,   NA
"eur_Q", "Antonios Tantalidis",    "GRE", NA,   NA,     5.4,  13.666, NA,   NA,     NA,    NA,     NA,    NA,     NA,     NA,   NA,     NA,   NA
"eur_Q", "Adam Steele",            "IRE", NA,   NA,     5.3,  13.600, NA,   NA,     NA,    NA,     NA,    NA,     NA,     NA,   NA,     NA,   NA
"eur_Q", "Dmitrijs Mickevics",     "LAT", NA,   NA,     5.2,  13.566, NA,   NA,     NA,    NA,     NA,    NA,     NA,     NA,   NA,     NA,   NA
"eur_Q", "Marcelo Marques",        "POR", NA,   NA,     5.2,  13.500, NA,   NA,     NA,    NA,     NA,    NA,     NA,     NA,   NA,     NA,   NA
"eur_Q", "Krisztofer Meszaros",    "HUN", NA,   NA,     5.4,  13.500, NA,   NA,     NA,    NA,     NA,    NA,     NA,     NA,   NA,     NA,   NA
"eur_Q", "Uri Zeidel",             "ISR", NA,   NA,     5.3,  13.400, NA,   NA,     NA,    NA,     NA,    NA,     NA,     NA,   NA,     NA,   NA
"eur_Q", "Nestor Abad",            "ESP", NA,   NA,     5.0,  13.366, NA,   NA,     NA,    NA,     NA,    NA,     NA,     NA,   NA,     NA,   NA
"eur_Q", "Alexander Myakinin",     "ISR", NA,   NA,     5.7,  13.333, NA,   NA,     NA,    NA,     NA,    NA,     NA,     NA,   NA,     NA,   NA
"eur_Q", "Léo Saladino",           "FRA", NA,   NA,     4.9,  13.233, NA,   NA,     NA,    NA,     NA,    NA,     NA,     NA,   NA,     NA,   NA
"eur_Q", "Alexis Blin",            "FRA", NA,   NA,     5.3,  13.200, NA,   NA,     NA,    NA,     NA,    NA,     NA,     NA,   NA,     NA,   NA
"eur_Q", "Saba Abesadze",          "GEO", NA,   NA,     5.2,  13.166, NA,   NA,     NA,    NA,     NA,    NA,     NA,     NA,   NA,     NA,   NA
"eur_Q", "Kevin Penev",            "BUL", NA,   NA,     5.4,  13.166, NA,   NA,     NA,    NA,     NA,    NA,     NA,     NA,   NA,     NA,   NA
"eur_Q", "Kevin Buckley",          "SLO", NA,   NA,     4.7,  13.100, NA,   NA,     NA,    NA,     NA,    NA,     NA,     NA,   NA,     NA,   NA
"eur_Q", "Daniel Carrion",         "ESP", NA,   NA,     5.0,  13.100, NA,   NA,     NA,    NA,     NA,    NA,     NA,     NA,   NA,     NA,   NA
"eur_Q", "Apostolos Kanellos",     "GRE", NA,   NA,     5.1,  13.100, NA,   NA,     NA,    NA,     NA,    NA,     NA,     NA,   NA,     NA,   NA
"eur_Q", "Lorenzo Casali",         "ITA", NA,   NA,     4.7,  13.066, NA,   NA,     NA,    NA,     NA,    NA,     NA,     NA,   NA,     NA,   NA
"eur_Q", "Volodymyr Otreshko",     "SVK", NA,   NA,     5.7,  13.033, NA,   NA,     NA,    NA,     NA,    NA,     NA,     NA,   NA,     NA,   NA
"eur_Q", "William Sundell",        "SWE", NA,   NA,     5.8,  13.033, NA,   NA,     NA,    NA,     NA,    NA,     NA,     NA,   NA,     NA,   NA
"eur_Q", "Sofus Heggemsnes",       "NOR", NA,   NA,     5.0,  13.000, NA,   NA,     NA,    NA,     NA,    NA,     NA,     NA,   NA,     NA,   NA
"eur_Q", "Alkinoos Graikos",       "GRE", NA,   NA,     5.5,  13.000, NA,   NA,     NA,    NA,     NA,    NA,     NA,     NA,   NA,     NA,   NA
"eur_Q", "Amine Abaidi",           "NDL", NA,   NA,     5.1,  12.966, NA,   NA,     NA,    NA,     NA,    NA,     NA,     NA,   NA,     NA,   NA
"eur_Q", "Pascal Brendel",         "GER", NA,   NA,     5.4,  12.966, NA,   NA,     NA,    NA,     NA,    NA,     NA,     NA,   NA,     NA,   NA
"eur_Q", "Nicolas Ivkic",          "OST", NA,   NA,     4.3,  12.900, NA,   NA,     NA,    NA,     NA,    NA,     NA,     NA,   NA,     NA,   NA
"eur_Q", "Nazar Chepurnyi",        "UKR", NA,   NA,     4.4,  12.900, NA,   NA,     NA,    NA,     NA,    NA,     NA,     NA,   NA,     NA,   NA
"eur_Q", "Matteo Levantesi",       "ITA", NA,   NA,     4.9,  12.900, NA,   NA,     NA,    NA,     NA,    NA,     NA,     NA,   NA,     NA,   NA
"eur_Q", "Mateo Zugec",            "CRO", NA,   NA,     5.8,  12.900, NA,   NA,     NA,    NA,     NA,    NA,     NA,     NA,   NA,     NA,   NA
"eur_Q", "Radomir Sliz",           "CZE", NA,   NA,     5.6,  12.866, NA,   NA,     NA,    NA,     NA,    NA,     NA,     NA,   NA,     NA,   NA
"eur_Q", "Oliver Kasala",          "SVK", NA,   NA,     4.7,  12.800, NA,   NA,     NA,    NA,     NA,    NA,     NA,     NA,   NA,     NA,   NA
"eur_Q", "Maxime Gentges",         "BEL", NA,   NA,     6.2,  12.800, NA,   NA,     NA,    NA,     NA,    NA,     NA,     NA,   NA,     NA,   NA
"eur_Q", "Razvan-Denis Marc",      "ROM", NA,   NA,     4.4,  12.766, NA,   NA,     NA,    NA,     NA,    NA,     NA,     NA,   NA,     NA,   NA
"eur_Q", "Tomas Kuzmickas",        "LIT", NA,   NA,     4.5,  12.733, NA,   NA,     NA,    NA,     NA,    NA,     NA,     NA,   NA,     NA,   NA
"eur_Q", "Krisztian Balazs",       "HUN", NA,   NA,     4.6,  12.733, NA,   NA,     NA,    NA,     NA,    NA,     NA,     NA,   NA,     NA,   NA
"eur_Q", "Mert Efe Kilicer",       "TUR", NA,   NA,     4.8,  12.700, NA,   NA,     NA,    NA,     NA,    NA,     NA,     NA,   NA,     NA,   NA
"eur_Q", "Noah Kuavita",           "BEL", NA,   NA,     5.1,  12.700, NA,   NA,     NA,    NA,     NA,    NA,     NA,     NA,   NA,     NA,   NA
"eur_Q", "Harald Wibye",           "NOR", NA,   NA,     4.2,  12.633, NA,   NA,     NA,    NA,     NA,    NA,     NA,     NA,   NA,     NA,   NA
"eur_Q", "Andreas Toba",           "GER", NA,   NA,     5.5,  12.600, NA,   NA,     NA,    NA,     NA,    NA,     NA,     NA,   NA,     NA,   NA
"eur_Q", "Artem Dologpyat",        "ISR", NA,   NA,     6.0,  12.600, NA,   NA,     NA,    NA,     NA,    NA,     NA,     NA,   NA,     NA,   NA
"eur_Q", "Nils Dunkel",            "GER", NA,   NA,     6.3,  12.566, NA,   NA,     NA,    NA,     NA,    NA,     NA,     NA,   NA,     NA,   NA
"eur_Q", "Jose Nogueira",          "POR", NA,   NA,     3.9,  12.500, NA,   NA,     NA,    NA,     NA,    NA,     NA,     NA,   NA,     NA,   NA
"eur_Q", "Erik Baghdasaryan",      "ARM", NA,   NA,     4.0,  12.500, NA,   NA,     NA,    NA,     NA,    NA,     NA,     NA,   NA,     NA,   NA
"eur_Q", "Jermain Grünberg",       "NDL", NA,   NA,     4.6,  12.500, NA,   NA,     NA,    NA,     NA,    NA,     NA,     NA,   NA,     NA,   NA
"eur_Q", "Ilias Georgiou",         "CYP", NA,   NA,     5.1,  12.500, NA,   NA,     NA,    NA,     NA,    NA,     NA,     NA,   NA,     NA,   NA
"eur_Q", "Askhab Matiev",          "OST", NA,   NA,     4.4,  12.466, NA,   NA,     NA,    NA,     NA,    NA,     NA,     NA,   NA,     NA,   NA
"eur_Q", "Mehmet Ayberk Kosak",    "TUR", NA,   NA,     4.6,  12.466, NA,   NA,     NA,    NA,     NA,    NA,     NA,     NA,   NA,     NA,   NA
"eur_Q", "Valgard Reinhardsson",   "ICE", NA,   NA,     4.1,  12.400, NA,   NA,     NA,    NA,     NA,    NA,     NA,     NA,   NA,     NA,   NA
"eur_Q", "Pavel Titov",            "FIN", NA,   NA,     5.4,  12.400, NA,   NA,     NA,    NA,     NA,    NA,     NA,     NA,   NA,     NA,   NA
"eur_Q", "Nicholas Tarca",         "ROM", NA,   NA,     6.2,  12.400, NA,   NA,     NA,    NA,     NA,    NA,     NA,     NA,   NA,     NA,   NA
"eur_Q", "Courtney Tulloch",       "GBR", NA,   NA,     4.6,  12.366, NA,   NA,     NA,    NA,     NA,    NA,     NA,     NA,   NA,     NA,   NA
"eur_Q", "Joel Plata",             "ESP", NA,   NA,     5.2,  12.366, NA,   NA,     NA,    NA,     NA,    NA,     NA,     NA,   NA,     NA,   NA
"eur_Q", "Kacper Garnczarek",      "POL", NA,   NA,     5.3,  12.366, NA,   NA,     NA,    NA,     NA,    NA,     NA,     NA,   NA,     NA,   NA
"eur_Q", "Daniel Radovesnicky",    "CZE", NA,   NA,     4.1,  12.333, NA,   NA,     NA,    NA,     NA,    NA,     NA,     NA,   NA,     NA,   NA
"eur_Q", "Daniel Fox",             "IRE", NA,   NA,     4.4,  12.333, NA,   NA,     NA,    NA,     NA,    NA,     NA,     NA,   NA,     NA,   NA
"eur_Q", "Paul Schmölzer",         "OST", NA,   NA,     4.6,  12.333, NA,   NA,     NA,    NA,     NA,    NA,     NA,     NA,   NA,     NA,   NA
"eur_Q", "Luka van den Keybus",    "BEL", NA,   NA,     5.3,  12.266, NA,   NA,     NA,    NA,     NA,    NA,     NA,     NA,   NA,     NA,   NA
"eur_Q", "Ricardo Rudy",           "OST", NA,   NA,     4.8,  12.233, NA,   NA,     NA,    NA,     NA,    NA,     NA,     NA,   NA,     NA,   NA
"eur_Q", "Guilherme Campos",       "POR", NA,   NA,     3.8,  12.133, NA,   NA,     NA,    NA,     NA,    NA,     NA,     NA,   NA,     NA,   NA
"eur_Q", "Murad Agharzayev",       "AZE", NA,   NA,     4.4,  12.133, NA,   NA,     NA,    NA,     NA,    NA,     NA,     NA,   NA,     NA,   NA
"eur_Q", "Christian Baumann",      "SWI", NA,   NA,     5.0,  12.133, NA,   NA,     NA,    NA,     NA,    NA,     NA,     NA,   NA,     NA,   NA
"eur_Q", "Yordan Aleksandrov",     "BUL", NA,   NA,     4.4,  12.033, NA,   NA,     NA,    NA,     NA,    NA,     NA,     NA,   NA,     NA,   NA
"eur_Q", "Georgios Angonas",       "CYP", NA,   NA,     3.4,  11.966, NA,   NA,     NA,    NA,     NA,    NA,     NA,     NA,   NA,     NA,   NA
"eur_Q", "Adem Asil",              "TUR", NA,   NA,     4.0,  11.966, NA,   NA,     NA,    NA,     NA,    NA,     NA,     NA,   NA,     NA,   NA
"eur_Q", "Rasul Ahmadzada",        "AZE", NA,   NA,     5.2,  11.966, NA,   NA,     NA,    NA,     NA,    NA,     NA,     NA,   NA,     NA,   NA
"eur_Q", "Emre Dodanli",           "TUR", NA,   NA,     4.1,  11.900, NA,   NA,     NA,    NA,     NA,    NA,     NA,     NA,   NA,     NA,   NA
"eur_Q", "Robert Kirmes",          "FIN", NA,   NA,     5.4,  11.800, NA,   NA,     NA,    NA,     NA,    NA,     NA,     NA,   NA,     NA,   NA
"eur_Q", "Bozhidar Zlatanov",      "BUL", NA,   NA,     4.1,  11.733, NA,   NA,     NA,    NA,     NA,    NA,     NA,     NA,   NA,     NA,   NA
"eur_Q", "Toma Modoianu-Zseder",   "ROM", NA,   NA,     4.2,  11.700, NA,   NA,     NA,    NA,     NA,    NA,     NA,     NA,   NA,     NA,   NA
"eur_Q", "Botond Molnar",          "HUN", NA,   NA,     5.1,  11.633, NA,   NA,     NA,    NA,     NA,    NA,     NA,     NA,   NA,     NA,   NA
"eur_Q", "Jim Zona",               "FRA", NA,   NA,     4.5,  11.600, NA,   NA,     NA,    NA,     NA,    NA,     NA,     NA,   NA,     NA,   NA
"eur_Q", "Milan Hosseini",         "GER", NA,   NA,     5.3,  11.600, NA,   NA,     NA,    NA,     NA,    NA,     NA,     NA,   NA,     NA,   NA
"eur_Q", "Marcus Stenberg",        "SWE", NA,   NA,     4.0,  11.533, NA,   NA,     NA,    NA,     NA,    NA,     NA,     NA,   NA,     NA,   NA
"eur_Q", "Luis Il-Sung Melander",  "SWE", NA,   NA,     4.6,  11.533, NA,   NA,     NA,    NA,     NA,    NA,     NA,     NA,   NA,     NA,   NA
"eur_Q", "Petar Vefic",            "SRB", NA,   NA,     4.2,  11.466, NA,   NA,     NA,    NA,     NA,    NA,     NA,     NA,   NA,     NA,   NA
"eur_Q", "Joakim Lenberg",         "SWE", NA,   NA,     4.7,  11.433, NA,   NA,     NA,    NA,     NA,    NA,     NA,     NA,   NA,     NA,   NA
"eur_Q", "David Rumbutis",         "SWE", NA,   NA,     5.6,  11.400, NA,   NA,     NA,    NA,     NA,    NA,     NA,     NA,   NA,     NA,   NA
"eur_Q", "Atli Valgeirsson",       "ICE", NA,   NA,     4.0,  11.033, NA,   NA,     NA,    NA,     NA,    NA,     NA,     NA,   NA,     NA,   NA
"eur_Q", "Benedek Tomcsanyi",      "HUN", NA,   NA,     5.5,  10.966, NA,   NA,     NA,    NA,     NA,    NA,     NA,     NA,   NA,     NA,   NA
"eur_Q", "Michalis Chari",         "CYP", NA,   NA,     3.7,  10.933, NA,   NA,     NA,    NA,     NA,    NA,     NA,     NA,   NA,     NA,   NA
"eur_Q", "Peder Skogvang",         "NOR", NA,   NA,     4.3,  10.900, NA,   NA,     NA,    NA,     NA,    NA,     NA,     NA,   NA,     NA,   NA
"eur_Q", "Miroslav Durak",         "CZE", NA,   NA,     4.0,  10.866, NA,   NA,     NA,    NA,     NA,    NA,     NA,     NA,   NA,     NA,   NA
"eur_Q", "Sebastian Gawronski",    "POL", NA,   NA,     4.2,  10.833, NA,   NA,     NA,    NA,     NA,    NA,     NA,     NA,   NA,     NA,   NA
"eur_Q", "Nicola Cuyle",           "BEL", NA,   NA,     5.4,  10.833, NA,   NA,     NA,    NA,     NA,    NA,     NA,     NA,   NA,     NA,   NA
"eur_Q", "Daniel Bago",            "CZE", NA,   NA,     3.9,  10.666, NA,   NA,     NA,    NA,     NA,    NA,     NA,     NA,   NA,     NA,   NA
"eur_Q", "Joar Amblie",            "NOR", NA,   NA,     3.5,  10.633, NA,   NA,     NA,    NA,     NA,    NA,     NA,     NA,   NA,     NA,   NA
"eur_Q", "Bernardo Almeida",       "POR", NA,   NA,     3.7,  10.533, NA,   NA,     NA,    NA,     NA,    NA,     NA,     NA,   NA,     NA,   NA
"eur_Q", "Dominick Cunningham",    "IRE", NA,   NA,     4.0,  10.500, NA,   NA,     NA,    NA,     NA,    NA,     NA,     NA,   NA,     NA,   NA
"eur_Q", "Victor Martinez",        "BEL", NA,   NA,     4.7,  10.333, NA,   NA,     NA,    NA,     NA,    NA,     NA,     NA,   NA,     NA,   NA
"eur_Q", "Joe Fraser",             "GBR", NA,   NA,     5.2,  10.000, NA,   NA,     NA,    NA,     NA,    NA,     NA,     NA,   NA,     NA,   NA
"eur_Q", "Daniel Trifonov",        "BUL", NA,   NA,     4.0,  9.766,  NA,   NA,     NA,    NA,     NA,    NA,     NA,     NA,   NA,     NA,   NA
"eur_Q", "Akseli Karsikas",        "FIN", NA,   NA,     3.6,  9.266,  NA,   NA,     NA,    NA,     NA,    NA,     NA,     NA,   NA,     NA,   NA
"eur_Q", "Martin Gudmundsson",     "ICE", NA,   NA,     3.4,  9.100,  NA,   NA,     NA,    NA,     NA,    NA,     NA,     NA,   NA,     NA,   NA
"eur_Q", "Eleftherios Petrounias", "GRE", NA,   NA,     NA,   NA,     6.3,  14.966, NA,    NA,     NA,    NA,     NA,     NA,   NA,     NA,   NA
"eur_Q", "Adem Asil",              "TUR", NA,   NA,     NA,   NA,     6.3,  14.933, NA,    NA,     NA,    NA,     NA,     NA,   NA,     NA,   NA
"eur_Q", "Vinzenz Höck",           "OST", NA,   NA,     NA,   NA,     6.1,  14.900, NA,    NA,     NA,    NA,     NA,     NA,   NA,     NA,   NA
"eur_Q", "Salvatore Maresca",      "ITA", NA,   NA,     NA,   NA,     6.2,  14.766, NA,    NA,     NA,    NA,     NA,     NA,   NA,     NA,   NA
"eur_Q", "Courtney Tulloch",       "GBR", NA,   NA,     NA,   NA,     6.0,  14.700, NA,    NA,     NA,    NA,     NA,     NA,   NA,     NA,   NA
"eur_Q", "Ibrahim Colak",          "TUR", NA,   NA,     NA,   NA,     5.9,  14.666, NA,    NA,     NA,    NA,     NA,     NA,   NA,     NA,   NA
"eur_Q", "Artur Avetisyan",        "ARM", NA,   NA,     NA,   NA,     6.1,  14.633, NA,    NA,     NA,    NA,     NA,     NA,   NA,     NA,   NA
"eur_Q", "Nikita Simonov",         "AZE", NA,   NA,     NA,   NA,     6.2,  14.633, NA,    NA,     NA,    NA,     NA,     NA,   NA,     NA,   NA
"eur_Q", "Marco Lodadio",          "ITA", NA,   NA,     NA,   NA,     6.2,  14.600, NA,    NA,     NA,    NA,     NA,     NA,   NA,     NA,   NA
"eur_Q", "Glen Cuyle",             "BEL", NA,   NA,     NA,   NA,     6.2,  14.500, NA,    NA,     NA,    NA,     NA,     NA,   NA,     NA,   NA
"eur_Q", "Mehmet Ayberk Kosak",    "TUR", NA,   NA,     NA,   NA,     6.0,  14.466, NA,    NA,     NA,    NA,     NA,     NA,   NA,     NA,   NA
"eur_Q", "Igor Radivilov",         "UKR", NA,   NA,     NA,   NA,     6.0,  14.433, NA,    NA,     NA,    NA,     NA,     NA,   NA,     NA,   NA
"eur_Q", "Harry Hepworth",         "GBR", NA,   NA,     NA,   NA,     5.8,  14.400, NA,    NA,     NA,    NA,     NA,     NA,   NA,     NA,   NA
"eur_Q", "Oleg Verniaiev",         "UKR", NA,   NA,     NA,   NA,     5.5,  14.033, NA,    NA,     NA,    NA,     NA,     NA,   NA,     NA,   NA
"eur_Q", "Andreas Toba",           "GER", NA,   NA,     NA,   NA,     5.5,  13.833, NA,    NA,     NA,    NA,     NA,     NA,   NA,     NA,   NA
"eur_Q", "Nestor Abad",            "ESP", NA,   NA,     NA,   NA,     5.2,  13.800, NA,    NA,     NA,    NA,     NA,     NA,   NA,     NA,   NA
"eur_Q", "Yumin Abbadini",         "ITA", NA,   NA,     NA,   NA,     5.0,  13.700, NA,    NA,     NA,    NA,     NA,     NA,   NA,     NA,   NA
"eur_Q", "Lorenzo Casali",         "ITA", NA,   NA,     NA,   NA,     5.2,  13.666, NA,    NA,     NA,    NA,     NA,     NA,   NA,     NA,   NA
"eur_Q", "Léo Saladino",           "FRA", NA,   NA,     NA,   NA,     5.1,  13.633, NA,    NA,     NA,    NA,     NA,     NA,   NA,     NA,   NA
"eur_Q", "Matteo Levantesi",       "ITA", NA,   NA,     NA,   NA,     5.1,  13.600, NA,    NA,     NA,    NA,     NA,     NA,   NA,     NA,   NA
"eur_Q", "Uri Zeidel",             "ISR", NA,   NA,     NA,   NA,     5.1,  13.566, NA,    NA,     NA,    NA,     NA,     NA,   NA,     NA,   NA
"eur_Q", "Joe Fraser",             "GBR", NA,   NA,     NA,   NA,     5.3,  13.566, NA,    NA,     NA,    NA,     NA,     NA,   NA,     NA,   NA
"eur_Q", "Luis Il-Sung Melander",  "SWE", NA,   NA,     NA,   NA,     5.8,  13.566, NA,    NA,     NA,    NA,     NA,     NA,   NA,     NA,   NA
"eur_Q", "Ilias Georgiou",         "CYP", NA,   NA,     NA,   NA,     4.7,  13.500, NA,    NA,     NA,    NA,     NA,     NA,   NA,     NA,   NA
"eur_Q", "Robert Kirmes",          "FIN", NA,   NA,     NA,   NA,     5.2,  13.500, NA,    NA,     NA,    NA,     NA,     NA,   NA,     NA,   NA
"eur_Q", "Casimir Schmidt",        "NDL", NA,   NA,     NA,   NA,     5.5,  13.500, NA,    NA,     NA,    NA,     NA,     NA,   NA,     NA,   NA
"eur_Q", "Kerem Sener",            "TUR", NA,   NA,     NA,   NA,     5.2,  13.466, NA,    NA,     NA,    NA,     NA,     NA,   NA,     NA,   NA
"eur_Q", "Illia Kovtun",           "UKR", NA,   NA,     NA,   NA,     5.3,  13.466, NA,    NA,     NA,    NA,     NA,     NA,   NA,     NA,   NA
"eur_Q", "Pavel Gulidov",          "ISR", NA,   NA,     NA,   NA,     5.5,  13.433, NA,    NA,     NA,    NA,     NA,     NA,   NA,     NA,   NA
"eur_Q", "Levan Skhiladze",        "GEO", NA,   NA,     NA,   NA,     4.8,  13.400, NA,    NA,     NA,    NA,     NA,     NA,   NA,     NA,   NA
"eur_Q", "Matteo Giubellini",      "SWI", NA,   NA,     NA,   NA,     4.8,  13.400, NA,    NA,     NA,    NA,     NA,     NA,   NA,     NA,   NA
"eur_Q", "Carlo Hörr",             "GER", NA,   NA,     NA,   NA,     5.0,  13.400, NA,    NA,     NA,    NA,     NA,     NA,   NA,     NA,   NA
"eur_Q", "Christian Baumann",      "SWI", NA,   NA,     NA,   NA,     5.3,  13.400, NA,    NA,     NA,    NA,     NA,     NA,   NA,     NA,   NA
"eur_Q", "Toma Modoianu-Zseder",   "ROM", NA,   NA,     NA,   NA,     5.4,  13.400, NA,    NA,     NA,    NA,     NA,     NA,   NA,     NA,   NA
"eur_Q", "Krisztofer Meszaros",    "HUN", NA,   NA,     NA,   NA,     5.0,  13.366, NA,    NA,     NA,    NA,     NA,     NA,   NA,     NA,   NA
"eur_Q", "David Rumbutis",         "SWE", NA,   NA,     NA,   NA,     5.0,  13.366, NA,    NA,     NA,    NA,     NA,     NA,   NA,     NA,   NA
"eur_Q", "Nils Dunkel",            "GER", NA,   NA,     NA,   NA,     5.5,  13.366, NA,    NA,     NA,    NA,     NA,     NA,   NA,     NA,   NA
"eur_Q", "Joel Plata",             "ESP", NA,   NA,     NA,   NA,     5.0,  13.333, NA,    NA,     NA,    NA,     NA,     NA,   NA,     NA,   NA
"eur_Q", "Niklas Syverhuset",      "NOR", NA,   NA,     NA,   NA,     5.0,  13.333, NA,    NA,     NA,    NA,     NA,     NA,   NA,     NA,   NA
"eur_Q", "Sokratis Pilakouris",    "CYP", NA,   NA,     NA,   NA,     5.5,  13.333, NA,    NA,     NA,    NA,     NA,     NA,   NA,     NA,   NA
"eur_Q", "Sofus Heggemsnes",       "NOR", NA,   NA,     NA,   NA,     4.6,  13.266, NA,    NA,     NA,    NA,     NA,     NA,   NA,     NA,   NA
"eur_Q", "Akseli Karsikas",        "FIN", NA,   NA,     NA,   NA,     4.7,  13.266, NA,    NA,     NA,    NA,     NA,     NA,   NA,     NA,   NA
"eur_Q", "Nicolau Mir",            "ESP", NA,   NA,     NA,   NA,     4.9,  13.266, NA,    NA,     NA,    NA,     NA,     NA,   NA,     NA,   NA
"eur_Q", "Benedek Tomcsanyi",      "HUN", NA,   NA,     NA,   NA,     5.0,  13.266, NA,    NA,     NA,    NA,     NA,     NA,   NA,     NA,   NA
"eur_Q", "Marios Georgiou",        "CYP", NA,   NA,     NA,   NA,     4.8,  13.233, NA,    NA,     NA,    NA,     NA,     NA,   NA,     NA,   NA
"eur_Q", "Rick Jacobs",            "NDL", NA,   NA,     NA,   NA,     4.9,  13.233, NA,    NA,     NA,    NA,     NA,     NA,   NA,     NA,   NA
"eur_Q", "Oskar Kirmes",           "FIN", NA,   NA,     NA,   NA,     4.7,  13.200, NA,    NA,     NA,    NA,     NA,     NA,   NA,     NA,   NA
"eur_Q", "Erik Baghdasaryan",      "ARM", NA,   NA,     NA,   NA,     4.3,  13.166, NA,    NA,     NA,    NA,     NA,     NA,   NA,     NA,   NA
"eur_Q", "Bozhidar Zlatanov",      "BUL", NA,   NA,     NA,   NA,     4.4,  13.166, NA,    NA,     NA,    NA,     NA,     NA,   NA,     NA,   NA
"eur_Q", "Botond Molnar",          "HUN", NA,   NA,     NA,   NA,     4.4,  13.166, NA,    NA,     NA,    NA,     NA,     NA,   NA,     NA,   NA
"eur_Q", "Daniel Fox",             "IRE", NA,   NA,     NA,   NA,     5.1,  13.166, NA,    NA,     NA,    NA,     NA,     NA,   NA,     NA,   NA
"eur_Q", "Jake Jarman",            "GBR", NA,   NA,     NA,   NA,     4.4,  13.133, NA,    NA,     NA,    NA,     NA,     NA,   NA,     NA,   NA
"eur_Q", "Cameron-Lie Bernard",    "FRA", NA,   NA,     NA,   NA,     5.0,  13.133, NA,    NA,     NA,    NA,     NA,     NA,   NA,     NA,   NA
"eur_Q", "Noe Seifert",            "SWI", NA,   NA,     NA,   NA,     5.0,  13.133, NA,    NA,     NA,    NA,     NA,     NA,   NA,     NA,   NA
"eur_Q", "Ivan Tikhonov",          "AZE", NA,   NA,     NA,   NA,     5.1,  13.133, NA,    NA,     NA,    NA,     NA,     NA,   NA,     NA,   NA
"eur_Q", "Jim Zona",               "FRA", NA,   NA,     NA,   NA,     4.7,  13.100, NA,    NA,     NA,    NA,     NA,     NA,   NA,     NA,   NA
"eur_Q", "Krisztian Balazs",       "HUN", NA,   NA,     NA,   NA,     4.7,  13.066, NA,    NA,     NA,    NA,     NA,     NA,   NA,     NA,   NA
"eur_Q", "Elias Koski",            "FIN", NA,   NA,     NA,   NA,     4.9,  13.066, NA,    NA,     NA,    NA,     NA,     NA,   NA,     NA,   NA
"eur_Q", "Marcus Stenberg",        "SWE", NA,   NA,     NA,   NA,     5.0,  13.066, NA,    NA,     NA,    NA,     NA,     NA,   NA,     NA,   NA
"eur_Q", "Artem Dolgopyat",        "ISR", NA,   NA,     NA,   NA,     4.5,  13.033, NA,    NA,     NA,    NA,     NA,     NA,   NA,     NA,   NA
"eur_Q", "Radomyr Stelmakh",       "UKR", NA,   NA,     NA,   NA,     4.6,  13.033, NA,    NA,     NA,    NA,     NA,     NA,   NA,     NA,   NA
"eur_Q", "Loran de Munck",         "NDL", NA,   NA,     NA,   NA,     4.7,  13.033, NA,    NA,     NA,    NA,     NA,     NA,   NA,     NA,   NA
"eur_Q", "Maxime Gentges",         "BEL", NA,   NA,     NA,   NA,     4.8,  13.000, NA,    NA,     NA,    NA,     NA,     NA,   NA,     NA,   NA
"eur_Q", "Yordan Aleksandrov",     "BUL", NA,   NA,     NA,   NA,     4.5,  12.966, NA,    NA,     NA,    NA,     NA,     NA,   NA,     NA,   NA
"eur_Q", "Thierno Diallo",         "ESP", NA,   NA,     NA,   NA,     4.7,  12.966, NA,    NA,     NA,    NA,     NA,     NA,   NA,     NA,   NA
"eur_Q", "Jermain Grünberg",       "NDL", NA,   NA,     NA,   NA,     4.3,  12.933, NA,    NA,     NA,    NA,     NA,     NA,   NA,     NA,   NA
"eur_Q", "Guilherme Campos",       "POR", NA,   NA,     NA,   NA,     4.2,  12.900, NA,    NA,     NA,    NA,     NA,     NA,   NA,     NA,   NA
"eur_Q", "Luka van den Keybus",    "BEL", NA,   NA,     NA,   NA,     4.3,  12.900, NA,    NA,     NA,    NA,     NA,     NA,   NA,     NA,   NA
"eur_Q", "Peder Skogvang",         "NOR", NA,   NA,     NA,   NA,     4.4,  12.900, NA,    NA,     NA,    NA,     NA,     NA,   NA,     NA,   NA
"eur_Q", "Sebastian Gawronski",    "POL", NA,   NA,     NA,   NA,     5.0,  12.900, NA,    NA,     NA,    NA,     NA,     NA,   NA,     NA,   NA
"eur_Q", "Luka Bojanc",            "SLO", NA,   NA,     NA,   NA,     5.4,  12.900, NA,    NA,     NA,    NA,     NA,     NA,   NA,     NA,   NA
"eur_Q", "Szilard Zavory",         "HUN", NA,   NA,     NA,   NA,     4.8,  12.866, NA,    NA,     NA,    NA,     NA,     NA,   NA,     NA,   NA
"eur_Q", "Christos Tsingelidis",   "GRE", NA,   NA,     NA,   NA,     5.5,  12.866, NA,    NA,     NA,    NA,     NA,     NA,   NA,     NA,   NA
"eur_Q", "Harald Wibye",           "NOR", NA,   NA,     NA,   NA,     4.3,  12.800, NA,    NA,     NA,    NA,     NA,     NA,   NA,     NA,   NA
"eur_Q", "Nikolaos Iliopoulos",    "GRE", NA,   NA,     NA,   NA,     4.7,  12.766, NA,    NA,     NA,    NA,     NA,     NA,   NA,     NA,   NA
"eur_Q", "Gytis Chasazyrovas",     "LIT", NA,   NA,     NA,   NA,     4.7,  12.766, NA,    NA,     NA,    NA,     NA,     NA,   NA,     NA,   NA
"eur_Q", "Michalis Chari",         "CYP", NA,   NA,     NA,   NA,     4.6,  12.733, NA,    NA,     NA,    NA,     NA,     NA,   NA,     NA,   NA
"eur_Q", "Petar Vefic",            "SRB", NA,   NA,     NA,   NA,     4.1,  12.700, NA,    NA,     NA,    NA,     NA,     NA,   NA,     NA,   NA
"eur_Q", "Kevin Buckley",          "SLO", NA,   NA,     NA,   NA,     4.3,  12.666, NA,    NA,     NA,    NA,     NA,     NA,   NA,     NA,   NA
"eur_Q", "Agust Davidsson",        "ICE", NA,   NA,     NA,   NA,     4.4,  12.633, NA,    NA,     NA,    NA,     NA,     NA,   NA,     NA,   NA
"eur_Q", "Ilia Liubimov",          "ISR", NA,   NA,     NA,   NA,     4.1,  12.600, NA,    NA,     NA,    NA,     NA,     NA,   NA,     NA,   NA
"eur_Q", "Axel Breche",            "FRA", NA,   NA,     NA,   NA,     4.5,  12.600, NA,    NA,     NA,    NA,     NA,     NA,   NA,     NA,   NA
"eur_Q", "Valgard Reinhardsson",   "ICE", NA,   NA,     NA,   NA,     4.3,  12.566, NA,    NA,     NA,    NA,     NA,     NA,   NA,     NA,   NA
"eur_Q", "Martin Pospisil",        "CZE", NA,   NA,     NA,   NA,     3.8,  12.500, NA,    NA,     NA,    NA,     NA,     NA,   NA,     NA,   NA
"eur_Q", "Daniel Radovesnicky",    "CZE", NA,   NA,     NA,   NA,     3.9,  12.500, NA,    NA,     NA,    NA,     NA,     NA,   NA,     NA,   NA
"eur_Q", "Gagik Khachikyan",       "ARM", NA,   NA,     NA,   NA,     4.0,  12.466, NA,    NA,     NA,    NA,     NA,     NA,   NA,     NA,   NA
"eur_Q", "Ricardo Rudy",           "OST", NA,   NA,     NA,   NA,     4.3,  12.466, NA,    NA,     NA,    NA,     NA,     NA,   NA,     NA,   NA
"eur_Q", "Nicolas Ivkic",          "OST", NA,   NA,     NA,   NA,     4.5,  12.466, NA,    NA,     NA,    NA,     NA,     NA,   NA,     NA,   NA
"eur_Q", "Antonios Tantalidis",    "GRE", NA,   NA,     NA,   NA,     3.9,  12.433, NA,    NA,     NA,    NA,     NA,     NA,   NA,     NA,   NA
"eur_Q", "Bernardo Almeida",       "POR", NA,   NA,     NA,   NA,     4.3,  12.433, NA,    NA,     NA,    NA,     NA,     NA,   NA,     NA,   NA
"eur_Q", "Martin Gudmundsson",     "ICE", NA,   NA,     NA,   NA,     4.4,  12.400, NA,    NA,     NA,    NA,     NA,     NA,   NA,     NA,   NA
"eur_Q", "Pascal Brendel",         "GER", NA,   NA,     NA,   NA,     4.5,  12.400, NA,    NA,     NA,    NA,     NA,     NA,   NA,     NA,   NA
"eur_Q", "Murad Agharzayev",       "AZE", NA,   NA,     NA,   NA,     4.0,  12.366, NA,    NA,     NA,    NA,     NA,     NA,   NA,     NA,   NA
"eur_Q", "Miroslav Durak",         "CZE", NA,   NA,     NA,   NA,     4.1,  12.333, NA,    NA,     NA,    NA,     NA,     NA,   NA,     NA,   NA
"eur_Q", "David Bickel",           "OST", NA,   NA,     NA,   NA,     4.6,  12.333, NA,    NA,     NA,    NA,     NA,     NA,   NA,     NA,   NA
"eur_Q", "Adam Steele",            "IRE", NA,   NA,     NA,   NA,     3.6,  12.300, NA,    NA,     NA,    NA,     NA,     NA,   NA,     NA,   NA
"eur_Q", "Daniel Bago",            "CZE", NA,   NA,     NA,   NA,     4.1,  12.300, NA,    NA,     NA,    NA,     NA,     NA,   NA,     NA,   NA
"eur_Q", "Luis Lechaud",           "POR", NA,   NA,     NA,   NA,     4.0,  12.266, NA,    NA,     NA,    NA,     NA,     NA,   NA,     NA,   NA
"eur_Q", "Jose Nogueira",          "POR", NA,   NA,     NA,   NA,     3.9,  12.133, NA,    NA,     NA,    NA,     NA,     NA,   NA,     NA,   NA
"eur_Q", "Saba Abesadze",          "GEO", NA,   NA,     NA,   NA,     4.0,  12.133, NA,    NA,     NA,    NA,     NA,     NA,   NA,     NA,   NA
"eur_Q", "Kacper Garnczarek",      "POL", NA,   NA,     NA,   NA,     4.3,  12.133, NA,    NA,     NA,    NA,     NA,     NA,   NA,     NA,   NA
"eur_Q", "Emilian Neagu",          "ROM", NA,   NA,     NA,   NA,     4.9,  12.133, NA,    NA,     NA,    NA,     NA,     NA,   NA,     NA,   NA
"eur_Q", "Dagur Olafsson",         "ICE", NA,   NA,     NA,   NA,     4.2,  12.066, NA,    NA,     NA,    NA,     NA,     NA,   NA,     NA,   NA
"eur_Q", "Kevin Penev",            "BUL", NA,   NA,     NA,   NA,     4.1,  11.900, NA,    NA,     NA,    NA,     NA,     NA,   NA,     NA,   NA
"eur_Q", "Volodymyr Otreshko",     "SVK", NA,   NA,     NA,   NA,     3.8,  11.866, NA,    NA,     NA,    NA,     NA,     NA,   NA,     NA,   NA
"eur_Q", "Alkinoos Graikos",       "GRE", NA,   NA,     NA,   NA,     3.9,  11.866, NA,    NA,     NA,    NA,     NA,     NA,   NA,     NA,   NA
"eur_Q", "Razvan-Denis Marc",      "ROM", NA,   NA,     NA,   NA,     4.4,  11.800, NA,    NA,     NA,    NA,     NA,     NA,   NA,     NA,   NA
"eur_Q", "Askhab Matiev",          "OST", NA,   NA,     NA,   NA,     3.5,  11.633, NA,    NA,     NA,    NA,     NA,     NA,   NA,     NA,   NA
"eur_Q", "Rasul Ahmadzada",        "AZE", NA,   NA,     NA,   NA,     3.7,  11.566, NA,    NA,     NA,    NA,     NA,     NA,   NA,     NA,   NA
"eur_Q", "Dominick Cunningham",    "IRE", NA,   NA,     NA,   NA,     4.5,  11.566, NA,    NA,     NA,    NA,     NA,     NA,   NA,     NA,   NA
"eur_Q", "Tomas Kuzmickas",        "LIT", NA,   NA,     NA,   NA,     4.1,  11.466, NA,    NA,     NA,    NA,     NA,     NA,   NA,     NA,   NA
"eur_Q", "Nicholas Tarca",         "ROM", NA,   NA,     NA,   NA,     3.7,  11.400, NA,    NA,     NA,    NA,     NA,     NA,   NA,     NA,   NA
"eur_Q", "Daniel Trifonov",        "BUL", NA,   NA,     NA,   NA,     4.3,  11.366, NA,    NA,     NA,    NA,     NA,     NA,   NA,     NA,   NA
"eur_Q", "Joakim Lenberg",         "SWE", NA,   NA,     NA,   NA,     4.1,  11.000, NA,    NA,     NA,    NA,     NA,     NA,   NA,     NA,   NA
"eur_Q", "Oliver Kasala",          "SVK", NA,   NA,     NA,   NA,     3.8,  10.866, NA,    NA,     NA,    NA,     NA,     NA,   NA,     NA,   NA
"eur_Q", "Victor Martinez",        "BEL", NA,   NA,     NA,   NA,     3.9,  10.233, NA,    NA,     NA,    NA,     NA,     NA,   NA,     NA,   NA
"eur_Q", "Nazar Chepurnyi",        "UKR", NA,   NA,     NA,   NA,     NA,   NA,     5.6,   14.800, 5.6,   15.000, 14.900, NA,   NA,     NA,   NA
"eur_Q", "Igor Radivilov",         "UKR", NA,   NA,     NA,   NA,     NA,   NA,     5.6,   14.833, 5.6,   14.833, 14.833, NA,   NA,     NA,   NA
"eur_Q", "Jake Jarman",            "GBR", NA,   NA,     NA,   NA,     NA,   NA,     6.0,   14.933, 5.6,   14.700, 14.816, NA,   NA,     NA,   NA
"eur_Q", "Casimir Schmidt",        "NDL", NA,   NA,     NA,   NA,     NA,   NA,     5.6,   14.500, 5.6,   14.633, 14.566, NA,   NA,     NA,   NA
"eur_Q", "Artur Davtyan",          "ARM", NA,   NA,     NA,   NA,     NA,   NA,     5.6,   15.100, 4.8,   13.733, 14.416, NA,   NA,     NA,   NA
"eur_Q", "Luke Whitehouse",        "GBR", NA,   NA,     NA,   NA,     NA,   NA,     5.6,   14.400, 5.2,   14.400, 14.400, NA,   NA,     NA,   NA
"eur_Q", "Luca Giubellini",        "SWI", NA,   NA,     NA,   NA,     NA,   NA,     5.6,   14.600, 5.2,   14.033, 14.316, NA,   NA,     NA,   NA
"eur_Q", "Illia Kovtun",           "UKR", NA,   NA,     NA,   NA,     NA,   NA,     5.2,   14.333, 5.2,   14.300, 14.316, NA,   NA,     NA,   NA
"eur_Q", "Dominick Cunningham",    "IRE", NA,   NA,     NA,   NA,     NA,   NA,     5.2,   14.600, 4.8,   13.700, 14.150, NA,   NA,     NA,   NA
"eur_Q", "Joona Reiman",           "FIN", NA,   NA,     NA,   NA,     NA,   NA,     5.6,   14.500, 5.2,   13.800, 14.150, NA,   NA,     NA,   NA
"eur_Q", "Harry Hepworth",         "GBR", NA,   NA,     NA,   NA,     NA,   NA,     5.6,   14.633, 5.6,   13.466, 14.049, NA,   NA,     NA,   NA
"eur_Q", "Neofytos Kyriakou",      "CYP", NA,   NA,     NA,   NA,     NA,   NA,     5.2,   14.200, 4.8,   13.833, 14.016, NA,   NA,     NA,   NA
"eur_Q", "Unai Baigorri",          "ESP", NA,   NA,     NA,   NA,     NA,   NA,     5.2,   13.933, 4.8,   13.700, 13.816, NA,   NA,     NA,   NA
"eur_Q", "Nicolas Ivkic",          "OST", NA,   NA,     NA,   NA,     NA,   NA,     5.2,   14.433, 5.2,   13.033, 13.733, NA,   NA,     NA,   NA
"eur_Q", "Paul Schmölzer",         "OST", NA,   NA,     NA,   NA,     NA,   NA,     5.2,   14.133, 4.0,   13.133, 13.633, NA,   NA,     NA,   NA
"eur_Q", "Sebastian Gawronski",    "POL", NA,   NA,     NA,   NA,     NA,   NA,     5.2,   13.900, 5.6,   13.166, 13.533, NA,   NA,     NA,   NA
"eur_Q", "Aurel Benovic",          "CRO", NA,   NA,     NA,   NA,     NA,   NA,     4.8,   12.600, 5.2,   14.400, 13.500, NA,   NA,     NA,   NA
"eur_Q", "Erik Baghdasaryan",      "ARM", NA,   NA,     NA,   NA,     NA,   NA,     4.8,   14.000, 4.0,   13.000, 13.500, NA,   NA,     NA,   NA
"eur_Q", "Daniel Trifonov",        "BUL", NA,   NA,     NA,   NA,     NA,   NA,     5.2,   13.100, 4.8,   13.900, 13.500, NA,   NA,     NA,   NA
"eur_Q", "Kevin Penev",            "BUL", NA,   NA,     NA,   NA,     NA,   NA,     5.4,   13.100, 5.2,   13.866, 13.483, NA,   NA,     NA,   NA
"eur_Q", "Botond Molnar",          "HUN", NA,   NA,     NA,   NA,     NA,   NA,     5.2,   13.100, 4.8,   13.700, 13.400, NA,   NA,     NA,   NA
"eur_Q", "Luca Murabito",          "SWI", NA,   NA,     NA,   NA,     NA,   NA,     5.2,   13.033, 4.8,   13.766, 13.399, NA,   NA,     NA,   NA
"eur_Q", "Szilard Zavory",         "HUN", NA,   NA,     NA,   NA,     NA,   NA,     5.2,   12.900, 4.8,   13.566, 13.233, NA,   NA,     NA,   NA
"eur_Q", "Ricards Plate",          "LAT", NA,   NA,     NA,   NA,     NA,   NA,     4.4,   13.266, 4.0,   13.100, 13.183, NA,   NA,     NA,   NA
"eur_Q", "Gagik Khachikyan",       "ARM", NA,   NA,     NA,   NA,     NA,   NA,     4.8,   13.700, 4.4,   11.733, 12.716, NA,   NA,     NA,   NA
"eur_Q", "Ivan Tikhonov",          "AZE", NA,   NA,     NA,   NA,     NA,   NA,     5.6,   13.100, NA,    NA,     NA,     NA,   NA,     NA,   NA
"eur_Q", "Dimitar Dimitrov",       "BUL", NA,   NA,     NA,   NA,     NA,   NA,     5.2,   12.866, NA,    NA,     NA,     NA,   NA,     NA,   NA
"eur_Q", "Bozhidar Zlatanov",      "BUL", NA,   NA,     NA,   NA,     NA,   NA,     5.2,   12.766, NA,    NA,     NA,     NA,   NA,     NA,   NA
"eur_Q", "Illia Kovtun",           "UKR", NA,   NA,     NA,   NA,     NA,   NA,     NA,    NA,     NA,    NA,     NA,     6.9,  15.266, NA,   NA
"eur_Q", "Noe Seifert",            "SWI", NA,   NA,     NA,   NA,     NA,   NA,     NA,    NA,     NA,    NA,     NA,     6.3,  14.733, NA,   NA
"eur_Q", "Nazar Chepurnyi",        "UKR", NA,   NA,     NA,   NA,     NA,   NA,     NA,    NA,     NA,    NA,     NA,     6.3,  14.700, NA,   NA
"eur_Q", "Cameron-Lie Bernard",    "FRA", NA,   NA,     NA,   NA,     NA,   NA,     NA,    NA,     NA,    NA,     NA,     6.3,  14.666, NA,   NA
"eur_Q", "Marios Georgiou",        "CYP", NA,   NA,     NA,   NA,     NA,   NA,     NA,    NA,     NA,    NA,     NA,     5.8,  14.633, NA,   NA
"eur_Q", "Mario Macchiati",        "ITA", NA,   NA,     NA,   NA,     NA,   NA,     NA,    NA,     NA,    NA,     NA,     6.0,  14.500, NA,   NA
"eur_Q", "Thierno Diallo",         "ESP", NA,   NA,     NA,   NA,     NA,   NA,     NA,    NA,     NA,    NA,     NA,     6.4,  14.500, NA,   NA
"eur_Q", "James Hall",             "GBR", NA,   NA,     NA,   NA,     NA,   NA,     NA,    NA,     NA,    NA,     NA,     6.1,  14.333, NA,   NA
"eur_Q", "Nicolau Mir",            "ESP", NA,   NA,     NA,   NA,     NA,   NA,     NA,    NA,     NA,    NA,     NA,     5.8,  14.266, NA,   NA
"eur_Q", "Nils Dunkel",            "GER", NA,   NA,     NA,   NA,     NA,   NA,     NA,    NA,     NA,    NA,     NA,     6.0,  14.266, NA,   NA
"eur_Q", "Joel Plata",             "ESP", NA,   NA,     NA,   NA,     NA,   NA,     NA,    NA,     NA,    NA,     NA,     5.8,  14.233, NA,   NA
"eur_Q", "Krisztofer Meszaros",    "HUN", NA,   NA,     NA,   NA,     NA,   NA,     NA,    NA,     NA,    NA,     NA,     6.1,  14.233, NA,   NA
"eur_Q", "Ilias Georgiou",         "CYP", NA,   NA,     NA,   NA,     NA,   NA,     NA,    NA,     NA,    NA,     NA,     5.7,  14.200, NA,   NA
"eur_Q", "Matteo Levantesi",       "ITA", NA,   NA,     NA,   NA,     NA,   NA,     NA,    NA,     NA,    NA,     NA,     5.8,  14.200, NA,   NA
"eur_Q", "Noah Kuavita",           "BEL", NA,   NA,     NA,   NA,     NA,   NA,     NA,    NA,     NA,    NA,     NA,     5.9,  14.200, NA,   NA
"eur_Q", "Luka van den Keybus",    "BEL", NA,   NA,     NA,   NA,     NA,   NA,     NA,    NA,     NA,    NA,     NA,     6.0,  14.200, NA,   NA
"eur_Q", "Oleg Verniaiev",         "UKR", NA,   NA,     NA,   NA,     NA,   NA,     NA,    NA,     NA,    NA,     NA,     6.3,  14.200, NA,   NA
"eur_Q", "Nestor Abad",            "ESP", NA,   NA,     NA,   NA,     NA,   NA,     NA,    NA,     NA,    NA,     NA,     5.8,  14.166, NA,   NA
"eur_Q", "David Rumbutis",         "SWE", NA,   NA,     NA,   NA,     NA,   NA,     NA,    NA,     NA,    NA,     NA,     5.7,  14.133, NA,   NA
"eur_Q", "Krisztian Balazs",       "HUN", NA,   NA,     NA,   NA,     NA,   NA,     NA,    NA,     NA,    NA,     NA,     5.9,  14.100, NA,   NA
"eur_Q", "Jermain Grünberg",       "NDL", NA,   NA,     NA,   NA,     NA,   NA,     NA,    NA,     NA,    NA,     NA,     6.0,  14.066, NA,   NA
"eur_Q", "Lorenzo Casali",         "ITA", NA,   NA,     NA,   NA,     NA,   NA,     NA,    NA,     NA,    NA,     NA,     5.6,  14.033, NA,   NA
"eur_Q", "Christian Baumann",      "SWI", NA,   NA,     NA,   NA,     NA,   NA,     NA,    NA,     NA,    NA,     NA,     6.2,  14.000, NA,   NA
"eur_Q", "Emre Dodanli",           "TUR", NA,   NA,     NA,   NA,     NA,   NA,     NA,    NA,     NA,    NA,     NA,     5.2,  13.900, NA,   NA
"eur_Q", "Kerem Sener",            "TUR", NA,   NA,     NA,   NA,     NA,   NA,     NA,    NA,     NA,    NA,     NA,     5.5,  13.866, NA,   NA
"eur_Q", "Robert Kirmes",          "FIN", NA,   NA,     NA,   NA,     NA,   NA,     NA,    NA,     NA,    NA,     NA,     5.6,  13.833, NA,   NA
"eur_Q", "Carlo Hörr",             "GER", NA,   NA,     NA,   NA,     NA,   NA,     NA,    NA,     NA,    NA,     NA,     5.2,  13.800, NA,   NA
"eur_Q", "Yordan Aleksandrov",     "BUL", NA,   NA,     NA,   NA,     NA,   NA,     NA,    NA,     NA,    NA,     NA,     6.0,  13.766, NA,   NA
"eur_Q", "Georgios Angonas",       "CYP", NA,   NA,     NA,   NA,     NA,   NA,     NA,    NA,     NA,    NA,     NA,     5.1,  13.733, NA,   NA
"eur_Q", "Robert Tvorogal",        "LIT", NA,   NA,     NA,   NA,     NA,   NA,     NA,    NA,     NA,    NA,     NA,     5.9,  13.733, NA,   NA
"eur_Q", "Jim Zona",               "FRA", NA,   NA,     NA,   NA,     NA,   NA,     NA,    NA,     NA,    NA,     NA,     5.2,  13.700, NA,   NA
"eur_Q", "Courtney Tulloch",       "GBR", NA,   NA,     NA,   NA,     NA,   NA,     NA,    NA,     NA,    NA,     NA,     5.6,  13.700, NA,   NA
"eur_Q", "Pascal Brendel",         "GER", NA,   NA,     NA,   NA,     NA,   NA,     NA,    NA,     NA,    NA,     NA,     5.8,  13.700, NA,   NA
"eur_Q", "Artem Dolgopyat",        "ISR", NA,   NA,     NA,   NA,     NA,   NA,     NA,    NA,     NA,    NA,     NA,     5.2,  13.566, NA,   NA
"eur_Q", "Sofus Heggemsnes",       "NOR", NA,   NA,     NA,   NA,     NA,   NA,     NA,    NA,     NA,    NA,     NA,     5.5,  13.566, NA,   NA
"eur_Q", "Levan Skhiladze",        "GEO", NA,   NA,     NA,   NA,     NA,   NA,     NA,    NA,     NA,    NA,     NA,     4.8,  13.533, NA,   NA
"eur_Q", "Nikolaos Iliopoulos",    "GRE", NA,   NA,     NA,   NA,     NA,   NA,     NA,    NA,     NA,    NA,     NA,     5.4,  13.533, NA,   NA
"eur_Q", "Pavel Gulidov",          "ISR", NA,   NA,     NA,   NA,     NA,   NA,     NA,    NA,     NA,    NA,     NA,     5.0,  13.500, NA,   NA
"eur_Q", "Casimir Schmidt",        "NDL", NA,   NA,     NA,   NA,     NA,   NA,     NA,    NA,     NA,    NA,     NA,     5.7,  13.500, NA,   NA
"eur_Q", "Glen Cuyle",             "BEL", NA,   NA,     NA,   NA,     NA,   NA,     NA,    NA,     NA,    NA,     NA,     5.8,  13.500, NA,   NA
"eur_Q", "Tomas Kuzmickas",        "LIT", NA,   NA,     NA,   NA,     NA,   NA,     NA,    NA,     NA,    NA,     NA,     4.9,  13.466, NA,   NA
"eur_Q", "Andreas Toba",           "GER", NA,   NA,     NA,   NA,     NA,   NA,     NA,    NA,     NA,    NA,     NA,     5.3,  13.466, NA,   NA
"eur_Q", "Radomyr Stelmakh",       "UKR", NA,   NA,     NA,   NA,     NA,   NA,     NA,    NA,     NA,    NA,     NA,     5.8,  13.466, NA,   NA
"eur_Q", "Andrei Muntean",         "ROM", NA,   NA,     NA,   NA,     NA,   NA,     NA,    NA,     NA,    NA,     NA,     5.9,  13.466, NA,   NA
"eur_Q", "Yumin Abbadini",         "ITA", NA,   NA,     NA,   NA,     NA,   NA,     NA,    NA,     NA,    NA,     NA,     5.2,  13.433, NA,   NA
"eur_Q", "Oliver Kasala",          "SVK", NA,   NA,     NA,   NA,     NA,   NA,     NA,    NA,     NA,    NA,     NA,     5.4,  13.433, NA,   NA
"eur_Q", "Oskar Kirmes",           "FIN", NA,   NA,     NA,   NA,     NA,   NA,     NA,    NA,     NA,    NA,     NA,     5.0,  13.400, NA,   NA
"eur_Q", "Jake Jarman",            "GBR", NA,   NA,     NA,   NA,     NA,   NA,     NA,    NA,     NA,    NA,     NA,     5.6,  13.400, NA,   NA
"eur_Q", "Dagur Olafsson",         "ICE", NA,   NA,     NA,   NA,     NA,   NA,     NA,    NA,     NA,    NA,     NA,     5.1,  13.366, NA,   NA
"eur_Q", "Elias Koski",            "FIN", NA,   NA,     NA,   NA,     NA,   NA,     NA,    NA,     NA,    NA,     NA,     5.3,  13.366, NA,   NA
"eur_Q", "Uri Zeidel",             "ISR", NA,   NA,     NA,   NA,     NA,   NA,     NA,    NA,     NA,    NA,     NA,     5.3,  13.333, NA,   NA
"eur_Q", "Léo Saladino",           "FRA", NA,   NA,     NA,   NA,     NA,   NA,     NA,    NA,     NA,    NA,     NA,     6.1,  13.300, NA,   NA
"eur_Q", "Adam Steele",            "IRE", NA,   NA,     NA,   NA,     NA,   NA,     NA,    NA,     NA,    NA,     NA,     5.2,  13.266, NA,   NA
"eur_Q", "Alexis Blin",            "FRA", NA,   NA,     NA,   NA,     NA,   NA,     NA,    NA,     NA,    NA,     NA,     4.6,  13.200, NA,   NA
"eur_Q", "Daniel Radovesnicky",    "CZE", NA,   NA,     NA,   NA,     NA,   NA,     NA,    NA,     NA,    NA,     NA,     4.8,  13.166, NA,   NA
"eur_Q", "Ilia Liubimov",          "ISR", NA,   NA,     NA,   NA,     NA,   NA,     NA,    NA,     NA,    NA,     NA,     5.5,  13.133, NA,   NA
"eur_Q", "Apostolos Kanellos",     "GRE", NA,   NA,     NA,   NA,     NA,   NA,     NA,    NA,     NA,    NA,     NA,     4.1,  13.100, NA,   NA
"eur_Q", "Harald Wibye",           "NOR", NA,   NA,     NA,   NA,     NA,   NA,     NA,    NA,     NA,    NA,     NA,     5.6,  13.100, NA,   NA
"eur_Q", "Valgard Reinhardsson",   "ICE", NA,   NA,     NA,   NA,     NA,   NA,     NA,    NA,     NA,    NA,     NA,     4.8,  13.066, NA,   NA
"eur_Q", "Taha Serhani",           "SWI", NA,   NA,     NA,   NA,     NA,   NA,     NA,    NA,     NA,    NA,     NA,     5.9,  13.066, NA,   NA
"eur_Q", "Volodymyr Otreshko",     "SVK", NA,   NA,     NA,   NA,     NA,   NA,     NA,    NA,     NA,    NA,     NA,     4.8,  13.033, NA,   NA
"eur_Q", "Sebastian Gawronski",    "POL", NA,   NA,     NA,   NA,     NA,   NA,     NA,    NA,     NA,    NA,     NA,     4.9,  13.033, NA,   NA
"eur_Q", "Antonios Tantalidis",    "GRE", NA,   NA,     NA,   NA,     NA,   NA,     NA,    NA,     NA,    NA,     NA,     4.3,  13.000, NA,   NA
"eur_Q", "Askhab Matiev",          "OST", NA,   NA,     NA,   NA,     NA,   NA,     NA,    NA,     NA,    NA,     NA,     4.4,  13.000, NA,   NA
"eur_Q", "Amine Abaidi",           "NDL", NA,   NA,     NA,   NA,     NA,   NA,     NA,    NA,     NA,    NA,     NA,     5.2,  13.000, NA,   NA
"eur_Q", "Mert Efe Kilicer",       "TUR", NA,   NA,     NA,   NA,     NA,   NA,     NA,    NA,     NA,    NA,     NA,     5.2,  12.933, NA,   NA
"eur_Q", "Gytis Chasazyrovas",     "LIT", NA,   NA,     NA,   NA,     NA,   NA,     NA,    NA,     NA,    NA,     NA,     3.9,  12.900, NA,   NA
"eur_Q", "Michalis Chari",         "CYP", NA,   NA,     NA,   NA,     NA,   NA,     NA,    NA,     NA,    NA,     NA,     4.3,  12.900, NA,   NA
"eur_Q", "Adem Asil",              "TUR", NA,   NA,     NA,   NA,     NA,   NA,     NA,    NA,     NA,    NA,     NA,     5.6,  12.900, NA,   NA
"eur_Q", "Guilherme Campos",       "POR", NA,   NA,     NA,   NA,     NA,   NA,     NA,    NA,     NA,    NA,     NA,     4.3,  12.766, NA,   NA
"eur_Q", "Agust Davidsson",        "ICE", NA,   NA,     NA,   NA,     NA,   NA,     NA,    NA,     NA,    NA,     NA,     4.7,  12.766, NA,   NA
"eur_Q", "Marcus Stenberg",        "SWE", NA,   NA,     NA,   NA,     NA,   NA,     NA,    NA,     NA,    NA,     NA,     4.7,  12.733, NA,   NA
"eur_Q", "Ron Pyatov",             "ISR", NA,   NA,     NA,   NA,     NA,   NA,     NA,    NA,     NA,    NA,     NA,     5.7,  12.733, NA,   NA
"eur_Q", "Martin Pospisil",        "CZE", NA,   NA,     NA,   NA,     NA,   NA,     NA,    NA,     NA,    NA,     NA,     4.3,  12.700, NA,   NA
"eur_Q", "Bozhidar Zlatanov",      "BUL", NA,   NA,     NA,   NA,     NA,   NA,     NA,    NA,     NA,    NA,     NA,     5.8,  12.700, NA,   NA
"eur_Q", "Erik Baghdasaryan",      "ARM", NA,   NA,     NA,   NA,     NA,   NA,     NA,    NA,     NA,    NA,     NA,     4.9,  12.666, NA,   NA
"eur_Q", "Gagik Khachikyan",       "ARM", NA,   NA,     NA,   NA,     NA,   NA,     NA,    NA,     NA,    NA,     NA,     4.3,  12.633, NA,   NA
"eur_Q", "Ricardo Rudy",           "OST", NA,   NA,     NA,   NA,     NA,   NA,     NA,    NA,     NA,    NA,     NA,     4.4,  12.633, NA,   NA
"eur_Q", "Botond Molnar",          "HUN", NA,   NA,     NA,   NA,     NA,   NA,     NA,    NA,     NA,    NA,     NA,     4.8,  12.600, NA,   NA
"eur_Q", "Razvan-Denis Marc",      "ROM", NA,   NA,     NA,   NA,     NA,   NA,     NA,    NA,     NA,    NA,     NA,     4.6,  12.566, NA,   NA
"eur_Q", "Luis Lechaud",           "POR", NA,   NA,     NA,   NA,     NA,   NA,     NA,    NA,     NA,    NA,     NA,     4.2,  12.466, NA,   NA
"eur_Q", "Matteo Giubellini",      "SWI", NA,   NA,     NA,   NA,     NA,   NA,     NA,    NA,     NA,    NA,     NA,     5.5,  12.433, NA,   NA
"eur_Q", "Gabriel Eichhorn",       "GER", NA,   NA,     NA,   NA,     NA,   NA,     NA,    NA,     NA,    NA,     NA,     5.2,  12.400, NA,   NA
"eur_Q", "Nicholas Tarca",         "ROM", NA,   NA,     NA,   NA,     NA,   NA,     NA,    NA,     NA,    NA,     NA,     4.3,  12.366, NA,   NA
"eur_Q", "David Bickel",           "OST", NA,   NA,     NA,   NA,     NA,   NA,     NA,    NA,     NA,    NA,     NA,     4.5,  12.333, NA,   NA
"eur_Q", "Jose Nogueira",          "POR", NA,   NA,     NA,   NA,     NA,   NA,     NA,    NA,     NA,    NA,     NA,     4.3,  12.300, NA,   NA
"eur_Q", "Petar Vefic",            "SRB", NA,   NA,     NA,   NA,     NA,   NA,     NA,    NA,     NA,    NA,     NA,     5.4,  12.300, NA,   NA
"eur_Q", "Filip Lidbeck",          "SWE", NA,   NA,     NA,   NA,     NA,   NA,     NA,    NA,     NA,    NA,     NA,     3.7,  12.266, NA,   NA
"eur_Q", "Joe Fraser",             "GBR", NA,   NA,     NA,   NA,     NA,   NA,     NA,    NA,     NA,    NA,     NA,     5.7,  12.266, NA,   NA
"eur_Q", "Nicolas Ivkic",          "OST", NA,   NA,     NA,   NA,     NA,   NA,     NA,    NA,     NA,    NA,     NA,     4.1,  12.233, NA,   NA
"eur_Q", "Miroslav Durak",         "CZE", NA,   NA,     NA,   NA,     NA,   NA,     NA,    NA,     NA,    NA,     NA,     4.2,  12.200, NA,   NA
"eur_Q", "Martin Gudmundsson",     "ICE", NA,   NA,     NA,   NA,     NA,   NA,     NA,    NA,     NA,    NA,     NA,     4.1,  12.066, NA,   NA
"eur_Q", "Kacper Garnczarek",      "POL", NA,   NA,     NA,   NA,     NA,   NA,     NA,    NA,     NA,    NA,     NA,     5.1,  12.033, NA,   NA
"eur_Q", "Kevin Buckley",          "SLO", NA,   NA,     NA,   NA,     NA,   NA,     NA,    NA,     NA,    NA,     NA,     4.9,  11.966, NA,   NA
"eur_Q", "Daniel Fox",             "IRE", NA,   NA,     NA,   NA,     NA,   NA,     NA,    NA,     NA,    NA,     NA,     4.8,  11.933, NA,   NA
"eur_Q", "Joar Amblie",            "NOR", NA,   NA,     NA,   NA,     NA,   NA,     NA,    NA,     NA,    NA,     NA,     4.3,  11.866, NA,   NA
"eur_Q", "Luke Whitehouse",        "GBR", NA,   NA,     NA,   NA,     NA,   NA,     NA,    NA,     NA,    NA,     NA,     5.4,  11.866, NA,   NA
"eur_Q", "Benedek Tomcsanyi",      "HUN", NA,   NA,     NA,   NA,     NA,   NA,     NA,    NA,     NA,    NA,     NA,     5.1,  11.766, NA,   NA
"eur_Q", "Bernardo Almeida",       "POR", NA,   NA,     NA,   NA,     NA,   NA,     NA,    NA,     NA,    NA,     NA,     4.7,  11.700, NA,   NA
"eur_Q", "Victor Martinez",        "BEL", NA,   NA,     NA,   NA,     NA,   NA,     NA,    NA,     NA,    NA,     NA,     4.8,  11.666, NA,   NA
"eur_Q", "Daniel Trifonov",        "BUL", NA,   NA,     NA,   NA,     NA,   NA,     NA,    NA,     NA,    NA,     NA,     5.1,  11.600, NA,   NA
"eur_Q", "Loran de Munck",         "NDL", NA,   NA,     NA,   NA,     NA,   NA,     NA,    NA,     NA,    NA,     NA,     5.5,  11.566, NA,   NA
"eur_Q", "Murad Agharzayev",       "AZE", NA,   NA,     NA,   NA,     NA,   NA,     NA,    NA,     NA,    NA,     NA,     4.3,  11.466, NA,   NA
"eur_Q", "Alkinoos Graikos",       "GRE", NA,   NA,     NA,   NA,     NA,   NA,     NA,    NA,     NA,    NA,     NA,     4.3,  11.433, NA,   NA
"eur_Q", "Nicola Cuyle",           "BEL", NA,   NA,     NA,   NA,     NA,   NA,     NA,    NA,     NA,    NA,     NA,     5.0,  11.433, NA,   NA
"eur_Q", "Saba Abesadze",          "GEO", NA,   NA,     NA,   NA,     NA,   NA,     NA,    NA,     NA,    NA,     NA,     3.6,  11.333, NA,   NA
"eur_Q", "Daniel Bago",            "CZE", NA,   NA,     NA,   NA,     NA,   NA,     NA,    NA,     NA,    NA,     NA,     4.1,  11.100, NA,   NA
"eur_Q", "Joakim Lenberg",         "SWE", NA,   NA,     NA,   NA,     NA,   NA,     NA,    NA,     NA,    NA,     NA,     4.1,  11.100, NA,   NA
"eur_Q", "Kevin Penev",            "BUL", NA,   NA,     NA,   NA,     NA,   NA,     NA,    NA,     NA,    NA,     NA,     4.7,  11.066, NA,   NA
"eur_Q", "Peder Skogvang",         "NOR", NA,   NA,     NA,   NA,     NA,   NA,     NA,    NA,     NA,    NA,     NA,     4.0,  10.933, NA,   NA
"eur_Q", "Rasul Ahmadzada",        "AZE", NA,   NA,     NA,   NA,     NA,   NA,     NA,    NA,     NA,    NA,     NA,     4.1,  10.933, NA,   NA
"eur_Q", "Dominick Cunningham",    "IRE", NA,   NA,     NA,   NA,     NA,   NA,     NA,    NA,     NA,    NA,     NA,     4.2,  10.733, NA,   NA
"eur_Q", "Akseli Karsikas",        "FIN", NA,   NA,     NA,   NA,     NA,   NA,     NA,    NA,     NA,    NA,     NA,     4.5,  10.533, NA,   NA
"eur_Q", "Ivan Tikhonov",          "AZE", NA,   NA,     NA,   NA,     NA,   NA,     NA,    NA,     NA,    NA,     NA,     4.6,  9.266,  NA,   NA
"eur_Q", "Illia Kovtun",           "UKR", NA,   NA,     NA,   NA,     NA,   NA,     NA,    NA,     NA,    NA,     NA,     NA,   NA,     5.9,  14.600
"eur_Q", "Robert Tvorogal",        "LIT", NA,   NA,     NA,   NA,     NA,   NA,     NA,    NA,     NA,    NA,     NA,     NA,   NA,     5.8,  14.533
"eur_Q", "Marios Georgiou",        "CYP", NA,   NA,     NA,   NA,     NA,   NA,     NA,    NA,     NA,    NA,     NA,     NA,   NA,     5.9,  14.500
"eur_Q", "Joel Plata",             "ESP", NA,   NA,     NA,   NA,     NA,   NA,     NA,    NA,     NA,    NA,     NA,     NA,   NA,     6.1,  14.466
"eur_Q", "Tin Srbic",              "CRO", NA,   NA,     NA,   NA,     NA,   NA,     NA,    NA,     NA,    NA,     NA,     NA,   NA,     5.7,  14.333
"eur_Q", "Alexander Myakinin",     "ISR", NA,   NA,     NA,   NA,     NA,   NA,     NA,    NA,     NA,    NA,     NA,     NA,   NA,     5.9,  14.333
"eur_Q", "Yumin Abbadini",         "ITA", NA,   NA,     NA,   NA,     NA,   NA,     NA,    NA,     NA,    NA,     NA,     NA,   NA,     6.0,  14.333
"eur_Q", "Noe Seifert",            "SWI", NA,   NA,     NA,   NA,     NA,   NA,     NA,    NA,     NA,    NA,     NA,     NA,   NA,     6.0,  14.166
"eur_Q", "Akseli Karsikas",        "FIN", NA,   NA,     NA,   NA,     NA,   NA,     NA,    NA,     NA,    NA,     NA,     NA,   NA,     5.3,  14.133
"eur_Q", "Emre Dodanli",           "TUR", NA,   NA,     NA,   NA,     NA,   NA,     NA,    NA,     NA,    NA,     NA,     NA,   NA,     5.6,  14.033
"eur_Q", "Taha Serhani",           "SWI", NA,   NA,     NA,   NA,     NA,   NA,     NA,    NA,     NA,    NA,     NA,     NA,   NA,     5.9,  14.033
"eur_Q", "Krisztofer Meszaros",    "HUN", NA,   NA,     NA,   NA,     NA,   NA,     NA,    NA,     NA,    NA,     NA,     NA,   NA,     5.5,  14.000
"eur_Q", "Pascal Brendel",         "GER", NA,   NA,     NA,   NA,     NA,   NA,     NA,    NA,     NA,    NA,     NA,     NA,   NA,     5.4,  13.900
"eur_Q", "Krisztian Balazs",       "HUN", NA,   NA,     NA,   NA,     NA,   NA,     NA,    NA,     NA,    NA,     NA,     NA,   NA,     5.5,  13.900
"eur_Q", "Matteo Levantesi",       "ITA", NA,   NA,     NA,   NA,     NA,   NA,     NA,    NA,     NA,    NA,     NA,     NA,   NA,     5.8,  13.866
"eur_Q", "Joe Fraser",             "GBR", NA,   NA,     NA,   NA,     NA,   NA,     NA,    NA,     NA,    NA,     NA,     NA,   NA,     6.1,  13.866
"eur_Q", "Ilias Georgiou",         "CYP", NA,   NA,     NA,   NA,     NA,   NA,     NA,    NA,     NA,    NA,     NA,     NA,   NA,     5.3,  13.833
"eur_Q", "Gabriel Eichhorn",       "GER", NA,   NA,     NA,   NA,     NA,   NA,     NA,    NA,     NA,    NA,     NA,     NA,   NA,     5.3,  13.733
"eur_Q", "Andreas Toba",           "GER", NA,   NA,     NA,   NA,     NA,   NA,     NA,    NA,     NA,    NA,     NA,     NA,   NA,     6.0,  13.733
"eur_Q", "Matteo Giubellini",      "SWI", NA,   NA,     NA,   NA,     NA,   NA,     NA,    NA,     NA,    NA,     NA,     NA,   NA,     5.1,  13.666
"eur_Q", "Elias Koski",            "FIN", NA,   NA,     NA,   NA,     NA,   NA,     NA,    NA,     NA,    NA,     NA,     NA,   NA,     4.9,  13.633
"eur_Q", "Artem Dolgopyat",        "ISR", NA,   NA,     NA,   NA,     NA,   NA,     NA,    NA,     NA,    NA,     NA,     NA,   NA,     4.9,  13.600
"eur_Q", "Mario Macchiati",        "ITA", NA,   NA,     NA,   NA,     NA,   NA,     NA,    NA,     NA,    NA,     NA,     NA,   NA,     5.0,  13.600
"eur_Q", "Martijn de Veer",        "NDL", NA,   NA,     NA,   NA,     NA,   NA,     NA,    NA,     NA,    NA,     NA,     NA,   NA,     5.5,  13.600
"eur_Q", "Jake Jarman",            "GBR", NA,   NA,     NA,   NA,     NA,   NA,     NA,    NA,     NA,    NA,     NA,     NA,   NA,     4.9,  13.566
"eur_Q", "Nikolaos Iliopoulos",    "GRE", NA,   NA,     NA,   NA,     NA,   NA,     NA,    NA,     NA,    NA,     NA,     NA,   NA,     5.1,  13.533
"eur_Q", "David Rumbutis",         "SWE", NA,   NA,     NA,   NA,     NA,   NA,     NA,    NA,     NA,    NA,     NA,     NA,   NA,     5.3,  13.500
"eur_Q", "Nicolau Mir",            "ESP", NA,   NA,     NA,   NA,     NA,   NA,     NA,    NA,     NA,    NA,     NA,     NA,   NA,     5.5,  13.500
"eur_Q", "Ivan Dejanovic",         "SRB", NA,   NA,     NA,   NA,     NA,   NA,     NA,    NA,     NA,    NA,     NA,     NA,   NA,     5.5,  13.500
"eur_Q", "Robert Kirmes",          "FIN", NA,   NA,     NA,   NA,     NA,   NA,     NA,    NA,     NA,    NA,     NA,     NA,   NA,     5.1,  13.466
"eur_Q", "Nestor Abad",            "ESP", NA,   NA,     NA,   NA,     NA,   NA,     NA,    NA,     NA,    NA,     NA,     NA,   NA,     5.2,  13.433
"eur_Q", "Sofus Heggemsnes",       "NOR", NA,   NA,     NA,   NA,     NA,   NA,     NA,    NA,     NA,    NA,     NA,     NA,   NA,     5.0,  13.400
"eur_Q", "Apostolos Kanellos",     "GRE", NA,   NA,     NA,   NA,     NA,   NA,     NA,    NA,     NA,    NA,     NA,     NA,   NA,     5.5,  13.400
"eur_Q", "Rick Jacobs",            "NDL", NA,   NA,     NA,   NA,     NA,   NA,     NA,    NA,     NA,    NA,     NA,     NA,   NA,     4.9,  13.366
"eur_Q", "Carlo Hörr",             "GER", NA,   NA,     NA,   NA,     NA,   NA,     NA,    NA,     NA,    NA,     NA,     NA,   NA,     5.4,  13.366
"eur_Q", "Adem Asil",              "TUR", NA,   NA,     NA,   NA,     NA,   NA,     NA,    NA,     NA,    NA,     NA,     NA,   NA,     4.7,  13.333
"eur_Q", "Ivan Tikhonov",          "AZE", NA,   NA,     NA,   NA,     NA,   NA,     NA,    NA,     NA,    NA,     NA,     NA,   NA,     5.1,  13.333
"eur_Q", "Oskar Kirmes",           "FIN", NA,   NA,     NA,   NA,     NA,   NA,     NA,    NA,     NA,    NA,     NA,     NA,   NA,     4.8,  13.300
"eur_Q", "Axel Breche",            "FRA", NA,   NA,     NA,   NA,     NA,   NA,     NA,    NA,     NA,    NA,     NA,     NA,   NA,     4.6,  13.266
"eur_Q", "Marcus Stenberg",        "SWE", NA,   NA,     NA,   NA,     NA,   NA,     NA,    NA,     NA,    NA,     NA,     NA,   NA,     4.7,  13.266
"eur_Q", "Harald Wibye",           "NOR", NA,   NA,     NA,   NA,     NA,   NA,     NA,    NA,     NA,    NA,     NA,     NA,   NA,     4.9,  13.266
"eur_Q", "Alexis Blin",            "FRA", NA,   NA,     NA,   NA,     NA,   NA,     NA,    NA,     NA,    NA,     NA,     NA,   NA,     5.0,  13.266
"eur_Q", "Yordan Aleksandrov",     "BUL", NA,   NA,     NA,   NA,     NA,   NA,     NA,    NA,     NA,    NA,     NA,     NA,   NA,     5.1,  13.266
"eur_Q", "Casimir Schmidt",        "NDL", NA,   NA,     NA,   NA,     NA,   NA,     NA,    NA,     NA,    NA,     NA,     NA,   NA,     5.2,  13.233
"eur_Q", "Kacper Garnczarek",      "POL", NA,   NA,     NA,   NA,     NA,   NA,     NA,    NA,     NA,    NA,     NA,     NA,   NA,     4.6,  13.166
"eur_Q", "Kevin Buckley",          "SLO", NA,   NA,     NA,   NA,     NA,   NA,     NA,    NA,     NA,    NA,     NA,     NA,   NA,     4.8,  13.133
"eur_Q", "Jim Zona",               "FRA", NA,   NA,     NA,   NA,     NA,   NA,     NA,    NA,     NA,    NA,     NA,     NA,   NA,     5.5,  13.133
"eur_Q", "Nils Dunkel",            "GER", NA,   NA,     NA,   NA,     NA,   NA,     NA,    NA,     NA,    NA,     NA,     NA,   NA,     5.1,  13.100
"eur_Q", "Petar Vefic",            "SRB", NA,   NA,     NA,   NA,     NA,   NA,     NA,    NA,     NA,    NA,     NA,     NA,   NA,     4.3,  13.066
"eur_Q", "Kerem Sener",            "TUR", NA,   NA,     NA,   NA,     NA,   NA,     NA,    NA,     NA,    NA,     NA,     NA,   NA,     4.3,  13.066
"eur_Q", "Adam Steele",            "IRE", NA,   NA,     NA,   NA,     NA,   NA,     NA,    NA,     NA,    NA,     NA,     NA,   NA,     4.4,  13.033
"eur_Q", "Benedek Tomcsanyi",      "HUN", NA,   NA,     NA,   NA,     NA,   NA,     NA,    NA,     NA,    NA,     NA,     NA,   NA,     4.6,  13.000
"eur_Q", "Tomas Kuzmickas",        "LIT", NA,   NA,     NA,   NA,     NA,   NA,     NA,    NA,     NA,    NA,     NA,     NA,   NA,     4.7,  12.966
"eur_Q", "James Hall",             "GBR", NA,   NA,     NA,   NA,     NA,   NA,     NA,    NA,     NA,    NA,     NA,     NA,   NA,     5.4,  12.966
"eur_Q", "Botond Molnar",          "HUN", NA,   NA,     NA,   NA,     NA,   NA,     NA,    NA,     NA,    NA,     NA,     NA,   NA,     5.0,  12.933
"eur_Q", "Martin Pospisil",        "CZE", NA,   NA,     NA,   NA,     NA,   NA,     NA,    NA,     NA,    NA,     NA,     NA,   NA,     4.4,  12.900
"eur_Q", "Amine Abaidi",           "NDL", NA,   NA,     NA,   NA,     NA,   NA,     NA,    NA,     NA,    NA,     NA,     NA,   NA,     4.9,  12.900
"eur_Q", "Daniel Bago",            "CZE", NA,   NA,     NA,   NA,     NA,   NA,     NA,    NA,     NA,    NA,     NA,     NA,   NA,     4.2,  12.866
"eur_Q", "Valgard Reinhardsson",   "ICE", NA,   NA,     NA,   NA,     NA,   NA,     NA,    NA,     NA,    NA,     NA,     NA,   NA,     4.6,  12.866
"eur_Q", "Oliver Kasala",          "SVK", NA,   NA,     NA,   NA,     NA,   NA,     NA,    NA,     NA,    NA,     NA,     NA,   NA,     4.7,  12.866
"eur_Q", "Martin Gudmundsson",     "ICE", NA,   NA,     NA,   NA,     NA,   NA,     NA,    NA,     NA,    NA,     NA,     NA,   NA,     4.2,  12.833
"eur_Q", "Luka van den Keybus",    "BEL", NA,   NA,     NA,   NA,     NA,   NA,     NA,    NA,     NA,    NA,     NA,     NA,   NA,     5.1,  12.833
"eur_Q", "Gytis Chasazyrovas",     "LIT", NA,   NA,     NA,   NA,     NA,   NA,     NA,    NA,     NA,    NA,     NA,     NA,   NA,     4.1,  12.800
"eur_Q", "Erik Baghdasaryan",      "ARM", NA,   NA,     NA,   NA,     NA,   NA,     NA,    NA,     NA,    NA,     NA,     NA,   NA,     4.2,  12.800
"eur_Q", "Levan Skhiladze",        "GEO", NA,   NA,     NA,   NA,     NA,   NA,     NA,    NA,     NA,    NA,     NA,     NA,   NA,     4.1,  12.766
"eur_Q", "Kevin Penev",            "BUL", NA,   NA,     NA,   NA,     NA,   NA,     NA,    NA,     NA,    NA,     NA,     NA,   NA,     4.9,  12.766
"eur_Q", "Bozhidar Zlatanov",      "BUL", NA,   NA,     NA,   NA,     NA,   NA,     NA,    NA,     NA,    NA,     NA,     NA,   NA,     4.3,  12.733
"eur_Q", "Daniel Radovesnicky",    "CZE", NA,   NA,     NA,   NA,     NA,   NA,     NA,    NA,     NA,    NA,     NA,     NA,   NA,     4.3,  12.700
"eur_Q", "Jermain Grünberg",       "NDL", NA,   NA,     NA,   NA,     NA,   NA,     NA,    NA,     NA,    NA,     NA,     NA,   NA,     5.0,  12.700
"eur_Q", "Askhab Matiev",          "OST", NA,   NA,     NA,   NA,     NA,   NA,     NA,    NA,     NA,    NA,     NA,     NA,   NA,     4.4,  12.666
"eur_Q", "Sebastian Gawronski",    "POL", NA,   NA,     NA,   NA,     NA,   NA,     NA,    NA,     NA,    NA,     NA,     NA,   NA,     4.9,  12.666
"eur_Q", "Lorenzo Casali",         "ITA", NA,   NA,     NA,   NA,     NA,   NA,     NA,    NA,     NA,    NA,     NA,     NA,   NA,     5.1,  12.666
"eur_Q", "Radomyr Stelmakh",       "UKR", NA,   NA,     NA,   NA,     NA,   NA,     NA,    NA,     NA,    NA,     NA,     NA,   NA,     5.3,  12.633
"eur_Q", "Nazar Chepurnyi",        "UKR", NA,   NA,     NA,   NA,     NA,   NA,     NA,    NA,     NA,    NA,     NA,     NA,   NA,     4.2,  12.600
"eur_Q", "Bernardo Almeida",       "POR", NA,   NA,     NA,   NA,     NA,   NA,     NA,    NA,     NA,    NA,     NA,     NA,   NA,     4.8,  12.600
"eur_Q", "Daniel Carrion",         "ESP", NA,   NA,     NA,   NA,     NA,   NA,     NA,    NA,     NA,    NA,     NA,     NA,   NA,     5.0,  12.600
"eur_Q", "Courtney Tulloch",       "GBR", NA,   NA,     NA,   NA,     NA,   NA,     NA,    NA,     NA,    NA,     NA,     NA,   NA,     3.5,  12.566
"eur_Q", "Daniel Fox",             "IRE", NA,   NA,     NA,   NA,     NA,   NA,     NA,    NA,     NA,    NA,     NA,     NA,   NA,     4.1,  12.466
"eur_Q", "Maxime Gentges",         "BEL", NA,   NA,     NA,   NA,     NA,   NA,     NA,    NA,     NA,    NA,     NA,     NA,   NA,     5.0,  12.466
"eur_Q", "Joakim Lenberg",         "SWE", NA,   NA,     NA,   NA,     NA,   NA,     NA,    NA,     NA,    NA,     NA,     NA,   NA,     4.1,  12.433
"eur_Q", "Alkinoos Graikos",       "GRE", NA,   NA,     NA,   NA,     NA,   NA,     NA,    NA,     NA,    NA,     NA,     NA,   NA,     4.3,  12.400
"eur_Q", "Gagik Khachikyan",       "ARM", NA,   NA,     NA,   NA,     NA,   NA,     NA,    NA,     NA,    NA,     NA,     NA,   NA,     3.7,  12.366
"eur_Q", "Nicolae Bera",           "ROM", NA,   NA,     NA,   NA,     NA,   NA,     NA,    NA,     NA,    NA,     NA,     NA,   NA,     4.2,  12.366
"eur_Q", "Uri Zeidel",             "ISR", NA,   NA,     NA,   NA,     NA,   NA,     NA,    NA,     NA,    NA,     NA,     NA,   NA,     4.5,  12.366
"eur_Q", "Christian Baumann",      "SWI", NA,   NA,     NA,   NA,     NA,   NA,     NA,    NA,     NA,    NA,     NA,     NA,   NA,     5.1,  12.366
"eur_Q", "Luis Il-Sung Melander",  "SWE", NA,   NA,     NA,   NA,     NA,   NA,     NA,    NA,     NA,    NA,     NA,     NA,   NA,     4.0,  12.300
"eur_Q", "Joar Amblie",            "NOR", NA,   NA,     NA,   NA,     NA,   NA,     NA,    NA,     NA,    NA,     NA,     NA,   NA,     4.6,  12.300
"eur_Q", "Oleg Verniaiev",         "UKR", NA,   NA,     NA,   NA,     NA,   NA,     NA,    NA,     NA,    NA,     NA,     NA,   NA,     4.9,  12.233
"eur_Q", "Mert Efe Kilicer",       "TUR", NA,   NA,     NA,   NA,     NA,   NA,     NA,    NA,     NA,    NA,     NA,     NA,   NA,     4.6,  12.200
"eur_Q", "Noah Kuavita",           "BEL", NA,   NA,     NA,   NA,     NA,   NA,     NA,    NA,     NA,    NA,     NA,     NA,   NA,     6.1,  12.200
"eur_Q", "Razvan-Denis Marc",      "ROM", NA,   NA,     NA,   NA,     NA,   NA,     NA,    NA,     NA,    NA,     NA,     NA,   NA,     5.0,  12.166
"eur_Q", "Guilherme Campos",       "POR", NA,   NA,     NA,   NA,     NA,   NA,     NA,    NA,     NA,    NA,     NA,     NA,   NA,     4.3,  12.066
"eur_Q", "Victor Martinez",        "BEL", NA,   NA,     NA,   NA,     NA,   NA,     NA,    NA,     NA,    NA,     NA,     NA,   NA,     4.6,  12.066
"eur_Q", "Antonios Tantalidis",    "GRE", NA,   NA,     NA,   NA,     NA,   NA,     NA,    NA,     NA,    NA,     NA,     NA,   NA,     4.1,  12.033
"eur_Q", "Ioane Jimsheleishvili",  "GEO", NA,   NA,     NA,   NA,     NA,   NA,     NA,    NA,     NA,    NA,     NA,     NA,   NA,     4.5,  12.000
"eur_Q", "Neofytos Kyriakou",      "CYP", NA,   NA,     NA,   NA,     NA,   NA,     NA,    NA,     NA,    NA,     NA,     NA,   NA,     5.7,  12.000
"eur_Q", "Ricardo Rudy",           "OST", NA,   NA,     NA,   NA,     NA,   NA,     NA,    NA,     NA,    NA,     NA,     NA,   NA,     3.9,  11.966
"eur_Q", "Szilard Zavory",         "HUN", NA,   NA,     NA,   NA,     NA,   NA,     NA,    NA,     NA,    NA,     NA,     NA,   NA,     4.8,  11.966
"eur_Q", "Georgios Angonas",       "CYP", NA,   NA,     NA,   NA,     NA,   NA,     NA,    NA,     NA,    NA,     NA,     NA,   NA,     4.9,  11.966
"eur_Q", "Peder Skogvang",         "NOR", NA,   NA,     NA,   NA,     NA,   NA,     NA,    NA,     NA,    NA,     NA,     NA,   NA,     4.8,  11.833
"eur_Q", "Volodymyr Otreshko",     "SVK", NA,   NA,     NA,   NA,     NA,   NA,     NA,    NA,     NA,    NA,     NA,     NA,   NA,     3.0,  11.733
"eur_Q", "Jose Nogueira",          "POR", NA,   NA,     NA,   NA,     NA,   NA,     NA,    NA,     NA,    NA,     NA,     NA,   NA,     4.2,  11.733
"eur_Q", "Nicolas Ivkic",          "OST", NA,   NA,     NA,   NA,     NA,   NA,     NA,    NA,     NA,    NA,     NA,     NA,   NA,     4.3,  11.566
"eur_Q", "Dominick Cunningham",    "IRE", NA,   NA,     NA,   NA,     NA,   NA,     NA,    NA,     NA,    NA,     NA,     NA,   NA,     3.8,  11.500
"eur_Q", "Léo Saladino",           "FRA", NA,   NA,     NA,   NA,     NA,   NA,     NA,    NA,     NA,    NA,     NA,     NA,   NA,     3.9,  11.433
"eur_Q", "Paul Schmölzer",         "OST", NA,   NA,     NA,   NA,     NA,   NA,     NA,    NA,     NA,    NA,     NA,     NA,   NA,     4.3,  11.366
"eur_Q", "Rasul Ahmadzada",        "AZE", NA,   NA,     NA,   NA,     NA,   NA,     NA,    NA,     NA,    NA,     NA,     NA,   NA,     4.3,  11.366
"eur_Q", "Michalis Chari",         "CYP", NA,   NA,     NA,   NA,     NA,   NA,     NA,    NA,     NA,    NA,     NA,     NA,   NA,     4.0,  11.333
"eur_Q", "Daniel Trifonov",        "BUL", NA,   NA,     NA,   NA,     NA,   NA,     NA,    NA,     NA,    NA,     NA,     NA,   NA,     4.2,  11.266
"eur_Q", "Nicholas Tarca",         "ROM", NA,   NA,     NA,   NA,     NA,   NA,     NA,    NA,     NA,    NA,     NA,     NA,   NA,     4.5,  11.000
"eur_Q", "Agust Davidsson",        "ICE", NA,   NA,     NA,   NA,     NA,   NA,     NA,    NA,     NA,    NA,     NA,     NA,   NA,     4.0,  10.866
"eur_Q", "Dagur Olafsson",         "ICE", NA,   NA,     NA,   NA,     NA,   NA,     NA,    NA,     NA,    NA,     NA,     NA,   NA,     4.0,  10.700
"eur_Q", "Ilia Liubimov",          "ISR", NA,   NA,     NA,   NA,     NA,   NA,     NA,    NA,     NA,    NA,     NA,     NA,   NA,     4.5,  10.366
"eur_Q", "Mansum Safarov",         "AZE", NA,   NA,     NA,   NA,     NA,   NA,     NA,    NA,     NA,    NA,     NA,     NA,   NA,     3.4,  10.200
"eur_Q", "Liam Rabic",             "CRO", NA,   NA,     NA,   NA,     NA,   NA,     NA,    NA,     NA,    NA,     NA,     NA,   NA,     1.8,  7.100
